id,posto_id,tipo,valor,created_at,updated_at
8,8,GASOLINA ADITIVADA,"R$ 3,44",2020-05-15 18:06:15+00,2020-05-15 18:06:15+00
9,9,GASOLINA ADITIVADA,"R$ 3,44",2020-05-15 18:06:15+00,2020-05-15 18:06:15+00
11,11,GASOLINA ADITIVADA,"R$ 3,44",2020-05-15 18:06:15+00,2020-05-15 18:06:15+00
12,12,GASOLINA ADITIVADA,"R$ 3,46",2020-05-15 18:06:15+00,2020-05-15 18:06:15+00
866,270,OLEO DIESEL B S,"R$ 3,17",2020-06-04 12:05:33+00,2020-07-08 03:05:36+00
21,21,GASOLINA ADITIVADA,"R$ 3,46",2020-05-15 18:06:15+00,2020-05-15 18:06:15+00
649,124,ETANOL,"R$ 3,26",2020-05-28 13:20:51+00,2020-06-19 10:46:47+00
385,92,GASOLINA COMUM,"R$ 3,60",2020-05-21 18:00:32+00,2020-05-21 18:00:32+00
28,28,GASOLINA ADITIVADA,"R$ 3,46",2020-05-15 18:06:15+00,2020-05-15 18:06:15+00
386,80,GASOLINA COMUM,"R$ 3,60",2020-05-21 18:00:32+00,2020-05-21 18:00:32+00
31,31,GASOLINA ADITIVADA,"R$ 3,46",2020-05-15 18:06:15+00,2020-05-15 18:06:15+00
376,11,OLEO DIESEL BS 10 ADITIVADO,"R$ 2,86",2020-05-21 15:00:29+00,2020-06-17 00:31:49+00
33,33,GASOLINA ADITIVADA,"R$ 3,47",2020-05-15 18:06:15+00,2020-05-15 18:06:15+00
37,37,GASOLINA ADITIVADA,"R$ 3,49",2020-05-15 18:06:15+00,2020-05-15 18:06:15+00
66,66,GASOLINA ADITIVADA,"R$ 3,65",2020-05-15 18:06:16+00,2020-05-21 18:00:32+00
40,40,GASOLINA ADITIVADA,"R$ 3,49",2020-05-15 18:06:15+00,2020-05-15 18:06:15+00
61,61,GASOLINA ADITIVADA,"R$ 3,69",2020-05-15 18:06:16+00,2020-05-21 18:00:32+00
43,43,GASOLINA ADITIVADA,"R$ 3,49",2020-05-15 18:06:15+00,2020-05-15 18:06:15+00
25,25,GASOLINA ADITIVADA,"R$ 3,76",2020-05-15 18:06:15+00,2020-05-21 18:00:32+00
1,1,GASOLINA ADITIVADA,"R$ 3,52",2020-05-15 18:06:14+00,2020-05-17 20:25:21+00
50,50,GASOLINA ADITIVADA,"R$ 3,50",2020-05-15 18:06:15+00,2020-05-15 18:06:15+00
47,47,GASOLINA ADITIVADA,"R$ 3,79",2020-05-15 18:06:15+00,2020-05-21 18:00:32+00
48,48,GASOLINA ADITIVADA,"R$ 3,79",2020-05-15 18:06:15+00,2020-05-21 18:00:32+00
57,57,GASOLINA ADITIVADA,"R$ 3,59",2020-05-15 18:06:15+00,2020-05-15 18:06:15+00
59,59,GASOLINA ADITIVADA,"R$ 3,59",2020-05-15 18:06:16+00,2020-05-15 18:06:16+00
60,60,GASOLINA ADITIVADA,"R$ 3,59",2020-05-15 18:06:16+00,2020-05-15 18:06:16+00
62,62,GASOLINA ADITIVADA,"R$ 3,59",2020-05-15 18:06:16+00,2020-05-15 18:06:16+00
41,41,GASOLINA ADITIVADA,"R$ 3,79",2020-05-15 18:06:15+00,2020-05-21 18:00:32+00
65,65,GASOLINA ADITIVADA,"R$ 3,59",2020-05-15 18:06:16+00,2020-05-15 18:06:16+00
70,51,ETANOL,"R$ 2,64",2020-05-15 18:06:29+00,2020-05-15 18:06:29+00
273,39,GASOLINA COMUM,"R$ 4,20",2020-05-13 12:17:23+00,2020-07-13 00:11:52+00
18,18,GASOLINA ADITIVADA,"R$ 4,20",2020-05-15 03:06:15+00,2020-07-13 00:11:52+00
877,277,OLEO DIESEL B S500 BICO,"R$ 3,19",2020-06-04 12:05:33+00,2020-07-08 03:05:36+00
409,108,OLEO DIESEL B S500 COMUM,"R$ 2,99",2020-05-21 18:31:00+00,2020-06-27 10:16:50+00
890,283,DIESEL S,"R$ 3,84",2020-06-04 18:05:34+00,2020-06-29 03:05:31+00
626,107,ETANOL,"R$ 3,26",2020-05-28 13:20:50+00,2020-06-19 10:46:47+00
281,13,GASOLINA COMUM,"R$ 4,20",2020-05-13 12:17:23+00,2020-07-13 00:11:52+00
2,2,GASOLINA ADITIVADA,"R$ 3,99",2020-05-15 18:06:14+00,2020-05-23 18:04:56+00
398,97,OLEO DIESEL B S10 ADIT ONU 1202 III CL3 GR,"R$ 3,26",2020-05-21 18:31:00+00,2020-06-27 10:16:51+00
29,29,GASOLINA ADITIVADA,"R$ 4,20",2020-05-13 12:06:15+00,2020-07-13 00:11:52+00
46,46,GASOLINA ADITIVADA,"R$ 4,23",2020-05-14 21:06:15+00,2020-07-13 00:11:53+00
392,93,GASOLINA COMUM,"R$ 4,24",2020-05-21 18:00:32+00,2020-06-15 00:12:04+00
852,260,DIESEL S500 TIPO B BICO,"R$ 3,10",2020-06-04 19:28:34+00,2020-06-27 05:36:20+00
666,105,ETANOL,"R$ 3,26",2020-05-28 13:20:51+00,2020-06-19 10:46:47+00
383,91,GASOLINA COMUM,"R$ 4,00",2020-05-21 15:00:32+00,2020-06-20 00:11:54+00
354,64,GASOLINA COMUM,"R$ 4,23",2020-05-19 15:38:33+00,2020-07-13 00:11:53+00
654,111,ETANOL,"R$ 3,26",2020-05-28 13:20:51+00,2020-06-19 10:46:47+00
888,282,DIESEL COMUM,"R$ 3,20",2020-06-04 12:05:34+00,2020-07-08 03:05:36+00
760,32,DIESEL S 5 0,"R$ 2,91",2020-06-02 00:32:00+00,2020-06-02 00:32:00+00
869,272,DIESEL S10 ADITIVADO,"R$ 3,23",2020-06-04 12:05:33+00,2020-07-08 03:05:36+00
179,32,DIESEL S 5 0 0 BICO,"R$ 3,19",2020-05-14 06:07:14+00,2020-07-13 00:31:50+00
49,49,GASOLINA ADITIVADA,"R$ 4,23",2020-05-15 09:06:15+00,2020-07-08 00:11:56+00
603,200,GASOLINA COMUM,"R$ 3,96",2020-05-28 00:11:56+00,2020-05-28 00:11:56+00
887,281,DIESEL S 1 0 BICO,"R$ 3,29",2020-06-04 12:05:34+00,2020-07-08 03:05:37+00
195,18,DIESEL S10 BICO,"R$ 3,24",2020-05-13 12:07:14+00,2020-07-13 00:31:50+00
604,200,GASOLINA ADITIVADA,"R$ 3,96",2020-05-28 00:11:56+00,2020-05-28 00:11:56+00
384,80,GASOLINA ADITIVADA,"R$ 3,60",2020-05-21 18:00:32+00,2020-05-21 18:00:32+00
389,79,GASOLINA ADITIVADA,"R$ 3,70",2020-05-21 18:00:32+00,2020-05-21 18:00:32+00
390,91,GASOLINA ADITIVADA,"R$ 3,75",2020-05-21 18:00:32+00,2020-05-21 18:00:32+00
391,90,GASOLINA ADITIVADA,"R$ 3,84",2020-05-21 18:00:32+00,2020-05-21 18:00:32+00
637,125,ETANOL,"R$ 3,26",2020-05-28 13:20:51+00,2020-06-19 10:46:47+00
657,155,ETANOL,"R$ 3,26",2020-05-28 13:20:51+00,2020-06-19 10:46:48+00
853,261,OLEO DISEL B S10 BICO,"R$ 3,20",2020-06-04 19:28:34+00,2020-06-27 05:36:20+00
860,129,ETANOL,"R$ 3,26",2020-06-04 21:46:51+00,2020-06-19 10:46:48+00
204,20,DIESEL S10 BICO,"R$ 3,24",2020-05-14 00:07:14+00,2020-07-13 00:31:50+00
13,13,GASOLINA ADITIVADA,"R$ 4,26",2020-05-15 18:06:15+00,2020-06-12 00:12:06+00
605,200,DIESEL BS,"R$ 2,78",2020-05-28 00:32:05+00,2020-05-28 00:32:05+00
1127,317,ETANOL,"R$ 3,29",2020-06-19 10:46:48+00,2020-06-19 10:46:48+00
224,71,DIESEL S10 BICO,"R$ 3,24",2020-05-13 21:07:15+00,2020-07-12 00:31:48+00
35,35,GASOLINA ADITIVADA,"R$ 4,23",2020-05-15 15:06:15+00,2020-07-05 00:12:00+00
850,256,DIESEL B S10 COMUM,"R$ 3,25",2020-06-04 19:28:34+00,2020-06-27 05:36:20+00
382,90,GASOLINA COMUM,"R$ 3,99",2020-05-21 18:00:32+00,2020-06-11 00:11:56+00
380,66,GASOLINA COMUM,"R$ 4,23",2020-05-20 15:00:32+00,2020-07-05 00:12:00+00
20,20,GASOLINA ADITIVADA,"R$ 4,20",2020-05-15 06:06:15+00,2020-07-07 00:11:57+00
606,200,ETANOL,"R$ 2,96",2020-05-28 02:43:29+00,2020-05-28 02:43:29+00
190,72,OLEO DIESEL B S10 BICO,"R$ 3,25",2020-05-13 09:07:14+00,2020-07-13 00:31:50+00
753,62,OLEO DIESEL B S500 BICO,"R$ 3,25",2020-05-29 15:31:55+00,2020-07-13 00:31:50+00
849,257,DIESEL B S10 COMUM,"R$ 3,25",2020-06-04 19:28:34+00,2020-06-27 05:36:20+00
216,49,DIESEL S10 BICO,"R$ 3,27",2020-05-14 09:07:14+00,2020-07-13 00:31:50+00
743,231,GNV,"R$ 2,99",2020-05-28 09:17:48+00,2020-06-30 14:00:10+00
1026,134,OLEO DIESEL B S500 ADITIVADO,"R$ 2,88",2020-06-10 00:56:48+00,2020-06-12 10:16:49+00
741,230,GNV,"R$ 2,99",2020-05-28 09:17:48+00,2020-06-30 14:00:10+00
682,212,ETANOL,"R$ 3,29",2020-05-28 16:20:51+00,2020-06-15 10:46:47+00
748,233,GNV,"R$ 3,00",2020-05-28 09:17:48+00,2020-06-30 14:00:10+00
747,175,GNV,"R$ 3,09",2020-05-28 09:17:48+00,2020-06-30 14:00:10+00
851,262,DIESEL S,"R$ 3,30",2020-06-04 16:28:34+00,2020-06-27 05:36:20+00
1029,236,GASOLINA COMUM,"R$ 4,23",2020-06-10 06:11:56+00,2020-07-07 00:11:58+00
776,243,ETANOL,"R$ 3,29",2020-06-01 22:22:57+00,2020-06-19 10:46:48+00
803,109,ETANOL,"R$ 3,29",2020-06-02 09:46:49+00,2020-06-19 10:46:48+00
38,38,GASOLINA ADITIVADA,"R$ 3,96",2020-05-15 18:06:15+00,2020-06-02 12:11:57+00
319,78,GASOLINA COMUM,"R$ 4,23",2020-05-15 00:17:23+00,2020-07-13 00:11:53+00
300,48,GASOLINA COMUM,"R$ 4,23",2020-05-15 15:17:23+00,2020-07-04 00:12:07+00
401,100,DIESEL COMUM,"R$ 2,99",2020-05-21 18:31:00+00,2020-06-27 10:16:50+00
251,73,OLEO DIESEL B S,"R$ 3,10",2020-05-15 15:07:15+00,2020-06-28 00:32:04+00
812,170,ETANOL,"R$ 3,19",2020-06-03 09:47:08+00,2020-06-19 10:46:47+00
1126,306,ETANOL,"R$ 2,69",2020-06-15 12:13:15+00,2020-07-01 05:16:16+00
871,274,OLEO DIESEL B S,"R$ 3,04",2020-06-04 12:05:33+00,2020-07-08 03:05:36+00
234,28,DIESEL S10 BICO,"R$ 2,74",2020-05-15 18:07:15+00,2020-05-15 18:07:15+00
873,274,OLEO DIESEL BS,"R$ 3,14",2020-06-04 12:05:33+00,2020-07-08 03:05:36+00
857,263,DIESEL B S,"R$ 3,69",2020-06-04 16:28:34+00,2020-06-27 05:36:20+00
835,256,ETANOL,"R$ 3,40",2020-06-04 19:26:16+00,2020-06-27 05:46:18+00
838,259,ETANOL,"R$ 3,40",2020-06-04 19:26:16+00,2020-06-27 05:46:18+00
1027,134,OLEO DIESEL S,"R$ 2,92",2020-06-10 00:56:48+00,2020-06-10 00:56:48+00
153,89,ETANOL,"R$ 3,19",2020-05-13 12:06:30+00,2020-07-13 00:21:49+00
313,67,GASOLINA COMUM,"R$ 4,18",2020-05-13 09:17:23+00,2020-07-12 05:04:25+00
274,40,GASOLINA COMUM,"R$ 4,23",2020-05-15 15:17:23+00,2020-07-01 00:12:06+00
474,166,DIESEL B S,"R$ 2,99",2020-05-21 18:31:01+00,2020-06-27 10:16:50+00
653,191,ETANOL,"R$ 3,26",2020-05-28 13:20:51+00,2020-06-19 10:46:47+00
840,261,ETANOL,"R$ 3,46",2020-06-04 19:26:16+00,2020-06-27 05:46:18+00
842,264,ETANOL,"R$ 3,60",2020-06-04 19:26:16+00,2020-06-27 05:46:18+00
292,49,GASOLINA COMUM,"R$ 4,23",2020-05-15 06:17:23+00,2020-07-08 00:11:56+00
1085,316,GASOLINA ADITIVADA,"R$ 4,19",2020-06-10 18:51:41+00,2020-07-12 03:51:24+00
965,288,GASOLINA COMUM,"R$ 4,20",2020-06-03 18:51:23+00,2020-07-12 03:51:24+00
966,289,GASOLINA ADITIVADA,"R$ 4,24",2020-06-02 09:51:24+00,2020-07-12 03:51:24+00
405,104,OLEO DIESEL B S,"R$ 3,09",2020-05-21 18:31:00+00,2020-06-27 10:16:50+00
977,300,GASOLINA COMUM,"R$ 4,20",2020-06-04 02:04:29+00,2020-07-12 05:04:25+00
330,37,OLEO DIESEL BICO,"R$ 2,66",2020-05-17 20:25:20+00,2020-05-29 12:31:54+00
674,208,ETANOL,"R$ 3,26",2020-05-28 13:20:51+00,2020-06-19 10:46:47+00
761,62,OLEO DIESEL B S10 BICO,"R$ 2,94",2020-06-02 00:32:00+00,2020-06-02 00:32:00+00
819,255,GASOLINA COMUM,"R$ 4,40",2020-06-04 19:21:44+00,2020-06-27 05:56:26+00
779,245,ETANOL,"R$ 3,29",2020-06-01 22:22:57+00,2020-06-19 10:46:48+00
820,256,GASOLINA COMUM,"R$ 4,43",2020-06-04 19:21:44+00,2020-06-27 05:56:26+00
329,25,OLEO DIESEL BICO,"R$ 2,66",2020-05-17 20:25:20+00,2020-05-29 12:31:54+00
823,258,GASOLINA ADITIVADA,"R$ 4,48",2020-06-04 19:21:44+00,2020-06-27 05:56:27+00
312,75,GASOLINA COMUM,"R$ 4,23",2020-05-14 06:17:23+00,2020-07-12 05:04:25+00
827,262,GASOLINA COMUM,"R$ 4,50",2020-06-04 19:21:44+00,2020-06-27 05:56:27+00
830,263,GASOLINA COMUM,"R$ 4,56",2020-06-04 19:21:45+00,2020-06-27 05:56:27+00
437,135,DIESEL S,"R$ 3,09",2020-05-21 18:31:00+00,2020-06-27 10:16:51+00
404,103,DIESEL BS,"R$ 3,09",2020-05-21 18:31:00+00,2020-06-27 10:16:51+00
450,144,OLEO DIESEL S10 BICO,"R$ 2,89",2020-05-21 21:31:01+00,2020-06-15 10:16:49+00
647,127,ETANOL,"R$ 3,26",2020-05-28 13:20:51+00,2020-06-19 10:46:47+00
909,271,GASOLINA COMUM,"R$ 4,26",2020-06-02 18:21:37+00,2020-07-12 05:04:25+00
476,168,DIESEL S,"R$ 2,99",2020-05-21 21:31:01+00,2020-06-15 10:16:49+00
773,230,ETANOL,"R$ 3,29",2020-06-01 22:22:57+00,2020-06-19 10:46:48+00
360,87,GASOLINA COMUM,"R$ 4,20",2020-05-19 12:38:33+00,2020-07-13 00:11:52+00
831,263,GASOLINA ADITIVADA,"R$ 4,56",2020-06-04 19:21:45+00,2020-06-27 05:56:27+00
266,19,GASOLINA COMUM,"R$ 4,20",2020-05-13 15:17:23+00,2020-07-13 00:11:53+00
291,37,GASOLINA COMUM,"R$ 3,99",2020-05-15 18:17:23+00,2020-06-11 00:11:56+00
675,209,ETANOL,"R$ 3,29",2020-05-28 16:20:51+00,2020-06-15 10:46:47+00
67,10,ETANOL,"R$ 3,20",2020-05-13 12:06:29+00,2020-07-13 00:21:49+00
55,55,GASOLINA ADITIVADA,"R$ 3,99",2020-05-15 18:06:15+00,2020-06-11 00:11:56+00
832,264,GASOLINA COMUM,"R$ 4,63",2020-06-04 19:21:45+00,2020-06-27 05:56:27+00
829,256,GASOLINA ADITIVADA,"R$ 4,63",2020-06-04 19:21:45+00,2020-06-27 05:56:27+00
825,260,GASOLINA ADITIVADA,"R$ 4,70",2020-06-04 16:21:44+00,2020-06-27 05:56:27+00
833,264,GASOLINA ADITIVADA,"R$ 4,75",2020-06-04 19:21:45+00,2020-06-27 05:56:27+00
1024,309,GASOLINA ADITIVADA,"R$ 4,25",2020-06-08 09:51:46+00,2020-07-08 03:51:24+00
1147,306,GASOLINA ADITIVADA,"R$ 3,69",2020-07-04 15:21:40+00,2020-07-08 05:04:38+00
328,47,OLEO DIESEL BICO,"R$ 2,66",2020-05-17 20:25:20+00,2020-05-17 20:25:20+00
408,107,DIESEL BS,"R$ 3,09",2020-05-21 18:31:00+00,2020-06-27 10:16:51+00
406,105,DIESEL BS,"R$ 3,09",2020-05-21 18:31:00+00,2020-06-27 10:16:51+00
429,128,DIESEL BS,"R$ 3,09",2020-05-21 18:31:00+00,2020-06-27 10:16:51+00
79,12,ETANOL,"R$ 3,20",2020-05-13 12:06:29+00,2020-07-13 00:21:49+00
438,136,DIESEL B S500 COMUM,"R$ 3,16",2020-05-21 18:31:00+00,2020-06-27 10:16:51+00
467,159,OLEO DIESEL B S,"R$ 3,19",2020-05-21 18:31:01+00,2020-06-27 10:16:51+00
411,110,DIESEL B S10 COMUM,"R$ 3,20",2020-05-21 18:31:00+00,2020-06-27 10:16:51+00
982,304,GASOLINA ADITIVADA,"R$ 4,20",2020-06-04 23:04:30+00,2020-07-08 05:04:39+00
444,141,OLEO DIESEL S10 BICO,"R$ 3,22",2020-05-21 18:31:01+00,2020-06-27 10:16:51+00
92,25,ETANOL,"R$ 3,20",2020-05-13 12:06:30+00,2020-07-13 00:21:49+00
150,87,ETANOL,"R$ 3,20",2020-05-13 12:06:30+00,2020-07-13 00:21:49+00
1081,315,DIESEL MARITIMO,"R$ 3,22",2020-06-10 21:56:50+00,2020-06-27 10:16:51+00
1087,301,GASOLINA ADITIVADA,"R$ 4,20",2020-06-11 20:04:30+00,2020-07-08 05:04:39+00
147,85,ETANOL,"R$ 3,22",2020-05-13 12:06:30+00,2020-07-13 00:21:49+00
136,61,ETANOL,"R$ 3,23",2020-05-13 12:06:30+00,2020-07-13 00:21:49+00
127,57,ETANOL,"R$ 3,23",2020-05-13 12:06:30+00,2020-07-13 00:21:49+00
131,62,ETANOL,"R$ 3,23",2020-05-13 21:06:30+00,2020-07-13 00:21:49+00
1001,303,OLEO DIESEL B S,"R$ 3,19",2020-06-04 20:26:31+00,2020-07-08 05:26:39+00
745,232,GNV,"R$ 2,99",2020-05-28 09:17:48+00,2020-06-30 14:00:10+00
740,152,GNV,"R$ 2,99",2020-05-28 09:17:48+00,2020-06-30 14:00:10+00
746,162,GNV,"R$ 3,02",2020-05-28 09:17:48+00,2020-06-30 14:00:10+00
1006,300,DIESEL S10 BICO,"R$ 3,25",2020-06-04 20:26:31+00,2020-07-08 05:26:39+00
332,70,DIESEL S10 BICO,"R$ 3,24",2020-05-16 11:25:20+00,2020-07-08 00:31:54+00
1148,301,DIESEL B S,"R$ 3,26",2020-07-08 05:26:39+00,2020-07-08 05:26:39+00
134,76,ETANOL,"R$ 3,23",2020-05-13 12:06:30+00,2020-07-13 00:21:49+00
198,65,OLEO DIESEL B S10 BICO,"R$ 3,25",2020-05-13 09:07:14+00,2020-07-13 00:31:50+00
252,81,DIESEL S,"R$ 3,27",2020-05-14 00:07:15+00,2020-07-13 00:31:50+00
212,94,OLEO DIESEL B S10 COMUM,"R$ 2,80",2020-05-15 09:07:14+00,2020-06-20 12:31:56+00
660,118,ETANOL,"R$ 3,26",2020-05-28 13:20:51+00,2020-06-19 10:46:47+00
710,162,ETANOL,"R$ 3,29",2020-05-28 13:20:52+00,2020-06-19 10:46:48+00
1128,144,ETANOL,"R$ 3,29",2020-06-19 10:46:48+00,2020-06-19 10:46:48+00
316,65,GASOLINA COMUM,"R$ 4,20",2020-05-13 18:17:23+00,2020-07-13 00:11:53+00
870,273,DIESEL B S500 BICO,"R$ 3,19",2020-06-04 12:05:33+00,2020-07-08 03:05:36+00
63,63,GASOLINA ADITIVADA,"R$ 3,86",2020-05-15 18:06:16+00,2020-05-21 15:38:32+00
10,10,GASOLINA ADITIVADA,"R$ 3,90",2020-05-15 18:06:15+00,2020-05-21 15:38:32+00
691,151,ETANOL,"R$ 3,29",2020-05-28 13:20:52+00,2020-06-19 10:46:48+00
353,84,GASOLINA COMUM,"R$ 4,26",2020-05-21 03:38:33+00,2020-06-20 12:11:59+00
352,84,GASOLINA ADITIVADA,"R$ 4,26",2020-05-21 03:38:32+00,2020-06-20 12:11:59+00
868,267,DIESEL S,"R$ 3,22",2020-06-04 12:05:33+00,2020-07-08 03:05:36+00
879,279,DIESEL S,"R$ 3,23",2020-06-04 12:05:33+00,2020-07-08 03:05:36+00
52,52,GASOLINA ADITIVADA,"R$ 4,26",2020-05-14 09:06:15+00,2020-06-30 00:12:01+00
480,171,DIESEL S10 COMUM,"R$ 3,05",2020-05-21 18:31:01+00,2020-06-27 10:16:50+00
345,59,GASOLINA COMUM,"R$ 3,99",2020-05-21 15:38:32+00,2020-06-11 00:11:56+00
299,41,GASOLINA COMUM,"R$ 4,23",2020-05-14 21:17:23+00,2020-07-12 00:11:57+00
289,32,GASOLINA COMUM,"R$ 4,23",2020-05-15 15:17:23+00,2020-07-07 00:11:58+00
963,284,GASOLINA COMUM,"R$ 4,19",2020-06-04 18:51:23+00,2020-07-12 03:51:24+00
865,269,OLEO DIESEL B S,"R$ 3,24",2020-06-03 21:05:33+00,2020-07-08 03:05:36+00
269,43,GASOLINA COMUM,"R$ 4,20",2020-05-13 12:17:23+00,2020-07-13 00:11:53+00
968,290,GASOLINA ADITIVADA,"R$ 4,25",2020-06-02 09:51:24+00,2020-07-12 03:51:24+00
284,11,GASOLINA COMUM,"R$ 4,23",2020-05-13 18:17:23+00,2020-07-13 00:11:53+00
872,273,OLEO DIESEL S10 BICO,"R$ 3,25",2020-06-04 12:05:33+00,2020-07-08 03:05:36+00
969,295,GASOLINA ADITIVADA,"R$ 4,25",2020-06-02 18:51:24+00,2020-07-12 03:51:24+00
844,259,OLEO DIESEL B S500 BICO,"R$ 3,08",2020-06-04 19:28:34+00,2020-06-27 05:36:20+00
334,82,OLEO DIESEL B S,"R$ 2,79",2020-05-17 20:25:20+00,2020-05-23 18:03:50+00
340,82,GASOLINA COMUM,"R$ 4,23",2020-05-17 17:25:21+00,2020-07-08 00:11:56+00
882,278,DIESEL COMUM BICO,"R$ 3,27",2020-06-04 12:05:33+00,2020-07-08 03:05:37+00
347,88,GASOLINA COMUM,"R$ 3,69",2020-05-21 15:38:32+00,2020-05-21 15:38:32+00
32,32,GASOLINA ADITIVADA,"R$ 3,72",2020-05-15 18:06:15+00,2020-05-21 15:38:32+00
348,88,GASOLINA ADITIVADA,"R$ 3,76",2020-05-21 15:38:32+00,2020-05-21 15:38:32+00
27,27,GASOLINA ADITIVADA,"R$ 3,76",2020-05-15 18:06:15+00,2020-05-21 15:38:32+00
34,34,GASOLINA ADITIVADA,"R$ 3,77",2020-05-15 18:06:15+00,2020-05-21 15:38:32+00
483,174,DIESEL ADITIVADO S,"R$ 3,09",2020-05-21 18:31:02+00,2020-06-27 10:16:51+00
847,257,DIESEL B S500 COMUM,"R$ 3,15",2020-06-04 19:28:34+00,2020-06-27 05:36:20+00
846,256,DIESEL B S500 COMUM,"R$ 3,15",2020-06-04 19:28:34+00,2020-06-27 05:36:20+00
342,83,GASOLINA ADITIVADA,"R$ 3,99",2020-05-17 20:25:21+00,2020-06-11 00:11:56+00
349,79,GASOLINA COMUM,"R$ 3,60",2020-05-21 15:38:32+00,2020-05-21 18:00:32+00
845,258,DIESEL B S,"R$ 3,18",2020-06-04 16:28:34+00,2020-06-27 05:36:20+00
883,277,OLEO DIESEL B S10 BICO,"R$ 3,29",2020-06-04 12:05:33+00,2020-07-08 03:05:37+00
341,82,GASOLINA ADITIVADA,"R$ 3,66",2020-05-17 20:25:21+00,2020-05-21 18:00:32+00
848,259,OLEO DIESEL BS 10 BICO,"R$ 3,18",2020-06-04 19:28:34+00,2020-06-27 05:36:20+00
919,280,GASOLINA COMUM,"R$ 4,18",2020-06-02 18:21:38+00,2020-07-12 05:04:25+00
854,260,SHELL EVOLUX DIESEL S10 ADITIVADO BICO,"R$ 3,26",2020-06-04 19:28:34+00,2020-06-27 05:36:20+00
884,275,OLEO DIESEL B S10 BICO,"R$ 3,29",2020-06-04 12:05:33+00,2020-07-08 03:05:37+00
599,83,OLEO DIESEL B S,"R$ 2,89",2020-05-23 18:03:51+00,2020-06-02 12:31:49+00
484,172,OLEO DIESEL S10 ADITIVADO BICO,"R$ 3,09",2020-05-21 21:31:02+00,2020-05-21 21:31:02+00
485,162,OLEO DIESEL B S10 ADIT PETROBRAS GRID,"R$ 3,09",2020-05-21 18:31:02+00,2020-06-27 10:16:51+00
855,264,OLEO DIESEL B S500 ORIGINAL BICO,"R$ 3,27",2020-06-04 19:28:34+00,2020-06-27 05:36:20+00
800,249,ETANOL,"R$ 2,70",2020-06-02 12:46:48+00,2020-06-02 12:46:48+00
856,264,DIESEL B S10 BICO,"R$ 3,37",2020-06-04 19:28:34+00,2020-06-27 05:36:20+00
763,199,GASOLINA ADITIVADA,"R$ 4,26",2020-06-01 22:04:23+00,2020-06-19 10:36:54+00
1129,236,SHELL EVOLUX DIESEL S10 ADITIVADO BICO,"R$ 3,09",2020-06-19 09:31:55+00,2020-06-20 00:31:50+00
834,255,ETANOL,"R$ 3,37",2020-06-04 19:26:16+00,2020-06-27 05:46:18+00
695,217,ETANOL," R$ 2,97",2020-05-28 16:20:52+00,2020-06-11 00:46:47+00
339,83,GASOLINA COMUM,"R$ 4,23",2020-05-17 14:25:21+00,2020-07-05 00:12:00+00
465,157,DIESEL S 500 BICO,"R$ 3,10",2020-05-21 18:31:01+00,2020-06-27 10:16:51+00
707,153,ETANOL,"R$ 2,99",2020-05-28 16:20:52+00,2020-06-11 00:46:48+00
288,12,GASOLINA COMUM,"R$ 4,20",2020-05-13 15:17:23+00,2020-07-13 00:11:52+00
410,109,DIESEL S,"R$ 3,10",2020-05-21 15:31:00+00,2020-06-27 10:16:51+00
479,157,OLEO DIESEL S 10 BICO,"R$ 3,20",2020-05-21 18:31:01+00,2020-06-27 10:16:51+00
464,156,DIESEL S 5 0 0 BICO,"R$ 3,23",2020-05-21 18:31:01+00,2020-06-27 10:16:51+00
481,172,OLEO DIESEL B S500 BICO,"R$ 3,29",2020-05-21 18:31:02+00,2020-06-27 10:16:51+00
344,7,GNV,"R$ 2,73",2020-05-19 13:33:49+00,2020-06-27 12:02:08+00
692,178,ETANOL,"R$ 3,29",2020-05-28 16:20:52+00,2020-06-15 10:46:47+00
87,17,ETANOL,"R$ 3,20",2020-05-13 12:06:29+00,2020-07-13 00:21:49+00
84,15,ETANOL,"R$ 3,20",2020-05-13 12:06:29+00,2020-07-13 00:21:49+00
95,20,ETANOL,"R$ 3,20",2020-05-13 12:06:30+00,2020-07-13 00:21:49+00
482,173,OLEO DIESEL B S10 ADTIVADO,"R$ 3,08",2020-05-21 21:31:02+00,2020-06-15 10:16:49+00
73,1,ETANOL,"R$ 3,20",2020-05-11 12:06:29+00,2020-07-13 00:21:49+00
143,82,ETANOL,"R$ 3,23",2020-05-13 12:06:30+00,2020-07-13 00:21:49+00
690,216,ETANOL,"R$ 3,29",2020-05-28 13:20:51+00,2020-06-19 10:46:48+00
751,75,DIESEL COMUM BICO,"R$ 3,16",2020-05-27 03:31:59+00,2020-07-08 05:26:39+00
886,280,DIESEL S,"R$ 3,58",2020-06-04 06:05:34+00,2020-07-08 05:26:39+00
694,149,ETANOL,"R$ 3,29",2020-05-28 13:20:52+00,2020-06-19 10:46:48+00
696,218,ETANOL,"R$ 3,29",2020-05-28 13:20:52+00,2020-06-19 10:46:48+00
478,170,OLEO DIESEL S,"R$ 2,99",2020-05-21 21:31:01+00,2020-06-12 10:16:49+00
703,152,ETANOL,"R$ 3,29",2020-05-28 13:20:52+00,2020-06-19 10:46:48+00
151,88,ETANOL,"R$ 3,23",2020-05-13 12:06:30+00,2020-07-13 00:21:49+00
145,83,ETANOL,"R$ 3,23",2020-05-13 12:06:30+00,2020-07-13 00:21:49+00
105,35,ETANOL,"R$ 3,23",2020-05-13 12:06:30+00,2020-07-13 00:21:49+00
139,66,ETANOL,"R$ 3,23",2020-05-13 12:06:30+00,2020-07-13 00:21:49+00
97,40,ETANOL,"R$ 3,23",2020-05-14 21:06:30+00,2020-07-13 00:21:49+00
152,63,ETANOL,"R$ 3,25",2020-05-13 12:06:30+00,2020-07-13 00:21:50+00
598,1,DIESEL S 1,"R$ 2,83",2020-05-23 18:03:51+00,2020-05-26 00:31:49+00
876,276,OLEO DIESEL B S500 BICO,"R$ 3,19",2020-06-04 12:05:33+00,2020-07-08 03:05:36+00
836,257,ETANOL,"R$ 3,40",2020-06-04 19:26:16+00,2020-06-27 05:46:18+00
839,260,ETANOL,"R$ 3,40",2020-06-04 19:26:16+00,2020-06-27 05:46:18+00
837,258,ETANOL,"R$ 3,40",2020-06-04 19:26:16+00,2020-06-27 05:46:18+00
875,275,OLEO DIESEL B S500 BICO,"R$ 3,19",2020-06-04 12:05:33+00,2020-07-08 03:05:36+00
841,262,ETANOL,"R$ 3,46",2020-06-04 19:26:16+00,2020-06-27 05:46:18+00
489,178,GASOLINA ADITIVADA,"R$ 3,42",2020-05-21 21:31:02+00,2020-05-21 21:31:02+00
587,137,GASOLINA COMUM,"R$ 4,26",2020-05-21 21:31:04+00,2020-06-15 10:36:54+00
889,282,DIESEL S,"R$ 3,50",2020-06-04 12:05:34+00,2020-07-08 03:05:37+00
912,279,GASOLINA ADITIVADA,"R$ 4,18",2020-06-03 21:21:37+00,2020-07-12 03:21:34+00
356,52,GASOLINA COMUM,"R$ 4,26",2020-05-20 09:38:33+00,2020-06-30 00:12:01+00
843,263,ETANOL,"R$ 3,70",2020-06-04 19:26:16+00,2020-06-27 05:46:18+00
918,283,GASOLINA COMUM,"R$ 4,18",2020-06-03 21:21:38+00,2020-07-12 03:21:34+00
258,1,GASOLINA COMUM,"R$ 4,20",2020-05-13 06:17:22+00,2020-07-13 00:11:52+00
600,62,GASOLINA COMUM,"R$ 4,23",2020-05-24 03:11:56+00,2020-07-12 00:11:57+00
343,77,GASOLINA ADITIVADA,"R$ 4,20",2020-05-15 20:25:21+00,2020-07-13 00:11:53+00
911,269,GASOLINA COMUM,"R$ 4,21",2020-06-03 21:21:37+00,2020-07-12 03:21:34+00
403,102,DIESEL S,"R$ 2,74",2020-05-21 21:31:00+00,2020-05-21 21:31:00+00
908,270,GASOLINA COMUM,"R$ 4,26",2020-06-03 21:21:37+00,2020-07-12 03:21:34+00
396,96,ETANOL,"R$ 3,25",2020-05-21 14:31:06+00,2020-06-29 12:22:06+00
89,30,ETANOL,"R$ 3,20",2020-05-13 12:06:29+00,2020-07-13 00:21:49+00
933,282,GASOLINA COMUM,"R$ 4,46",2020-06-03 21:21:38+00,2020-07-12 03:21:34+00
821,257,GASOLINA COMUM,"R$ 4,43",2020-06-04 19:21:44+00,2020-06-27 05:56:26+00
85,14,ETANOL,"R$ 3,20",2020-05-13 12:06:29+00,2020-07-13 00:21:49+00
931,278,GASOLINA ADITIVADA,"R$ 4,56",2020-06-03 21:21:38+00,2020-07-12 03:21:35+00
414,113,DIESEL S,"R$ 2,79",2020-05-21 21:31:00+00,2020-05-21 21:31:00+00
949,288,ETANOL,"R$ 3,10",2020-06-03 18:41:19+00,2020-07-12 03:41:14+00
416,115,DIESEL S,"R$ 2,79",2020-05-21 21:31:00+00,2020-05-21 21:31:00+00
951,286,ETANOL,"R$ 3,18",2020-06-03 18:41:19+00,2020-07-12 03:41:14+00
123,42,ETANOL,"R$ 3,20",2020-05-13 12:06:30+00,2020-07-13 00:21:49+00
609,201,ETANOL,"R$ 3,20",2020-05-26 06:21:46+00,2020-07-13 00:21:49+00
962,286,GASOLINA COMUM,"R$ 4,18",2020-06-03 18:51:23+00,2020-07-12 03:51:24+00
948,294,DIESEL S500 BICO,"R$ 3,40",2020-06-04 18:31:18+00,2020-07-08 03:31:19+00
424,123,DIESEL S,"R$ 2,79",2020-05-21 21:31:00+00,2020-05-21 21:31:00+00
91,13,ETANOL,"R$ 3,20",2020-05-13 12:06:29+00,2020-07-13 00:21:49+00
374,91,OLEO DIESEL B S10 COMUM,"R$ 3,16",2020-05-21 01:31:27+00,2020-07-04 00:32:09+00
711,196,GASOLINA ADITIVADA,"R$ 3,96",2020-05-28 20:27:29+00,2020-06-10 00:41:52+00
232,13,OLEO DIESEL S10 BICO,"R$ 3,19",2020-05-15 03:07:15+00,2020-07-08 00:31:53+00
765,147,ETANOL,"R$ 2,99",2020-06-02 01:22:56+00,2020-06-10 00:46:46+00
249,46,OLEO DIESEL B S,"R$ 3,19",2020-05-15 06:07:15+00,2020-07-04 00:32:09+00
716,170,GASOLINA COMUM,"R$ 4,19",2020-05-28 17:27:29+00,2020-06-19 10:36:53+00
125,33,ETANOL,"R$ 3,20",2020-05-12 00:06:30+00,2020-07-13 00:21:49+00
1134,47,OLEO DIESEL S10 BICO,"R$ 3,19",2020-06-19 09:31:50+00,2020-07-08 00:31:53+00
117,54,ETANOL,"R$ 3,26",2020-05-13 12:06:30+00,2020-07-13 00:21:50+00
770,108,ETANOL,"R$ 3,29",2020-06-02 01:22:57+00,2020-06-15 10:46:47+00
1130,27,OLEO DIESEL S10 BICO,"R$ 3,19",2020-06-19 00:31:56+00,2020-07-08 00:31:53+00
158,93,ETANOL,"R$ 3,29",2020-05-13 12:06:30+00,2020-07-13 00:21:50+00
769,167,ETANOL,"R$ 2,99",2020-06-02 01:22:56+00,2020-06-06 00:46:46+00
331,77,OLEO DIESEL B S,"R$ 3,03",2020-05-17 11:25:20+00,2020-07-12 00:31:48+00
243,55,DIESEL ORIGINAL IPIRANGA BICO,"R$ 3,17",2020-05-14 06:07:15+00,2020-07-05 00:32:04+00
1009,177,ETANOL,"R$ 2,99",2020-06-07 00:46:49+00,2020-06-09 00:46:57+00
434,98,ONU 1202 OLEO DIESEL B S500 3 III,"R$ 2,96",2020-05-21 21:31:00+00,2020-06-10 00:56:49+00
712,225,GASOLINA COMUM,"R$ 3,54",2020-05-28 20:27:29+00,2020-05-28 20:27:29+00
370,79,BIODIESEL S500 BICO,"R$ 3,20",2020-05-20 10:31:26+00,2020-07-13 00:31:50+00
713,226,GASOLINA COMUM,"R$ 3,55",2020-05-28 20:27:29+00,2020-05-28 20:27:29+00
714,227,GASOLINA COMUM,"R$ 3,80",2020-05-28 20:27:29+00,2020-05-28 20:27:29+00
715,226,GASOLINA ADITIVADA,"R$ 3,85",2020-05-28 20:27:29+00,2020-05-28 20:27:29+00
718,228,GASOLINA COMUM,"R$ 3,90",2020-05-28 20:27:29+00,2020-05-28 20:27:29+00
218,69,DIESEL S10 BICO,"R$ 3,24",2020-05-14 06:07:14+00,2020-07-13 00:31:50+00
824,259,GASOLINA ADITIVADA,"R$ 4,48",2020-06-04 19:21:44+00,2020-06-27 05:56:27+00
502,113,GASOLINA COMUM,"R$ 4,26",2020-05-21 18:31:02+00,2020-06-19 10:36:54+00
566,100,GASOLINA COMUM,"R$ 4,26",2020-05-21 18:31:03+00,2020-06-19 10:36:55+00
546,127,GASOLINA COMUM,"R$ 4,26",2020-05-21 18:31:03+00,2020-06-19 10:36:55+00
822,258,GASOLINA COMUM,"R$ 4,48",2020-06-04 19:21:44+00,2020-06-27 05:56:27+00
730,157,GASOLINA COMUM,"R$ 3,96",2020-05-28 20:27:31+00,2020-05-28 20:27:31+00
1133,37,OLEO DIESEL S10 BICO,"R$ 3,19",2020-06-19 09:31:50+00,2020-07-08 00:31:53+00
797,132,GASOLINA ADITIVADA,"R$ 4,26",2020-06-02 09:41:54+00,2020-06-19 10:36:55+00
205,22,DIESEL BS,"R$ 3,24",2020-05-13 21:07:14+00,2020-07-13 00:31:50+00
240,87,OLEO DIESEL B S,"R$ 3,24",2020-05-11 18:07:15+00,2020-07-13 00:31:50+00
1141,57,OLEO DIESEL B S500 BICO,"R$ 3,19",2020-06-29 12:32:07+00,2020-06-29 12:32:07+00
236,12,OLEO DIESEL BS,"R$ 3,25",2020-05-13 15:07:15+00,2020-07-13 00:31:50+00
193,38,OLEO DIESEL BS,"R$ 3,25",2020-05-13 15:07:14+00,2020-07-13 00:31:50+00
826,261,GASOLINA COMUM,"R$ 4,50",2020-06-04 19:21:44+00,2020-06-27 05:56:27+00
828,257,GASOLINA ADITIVADA,"R$ 4,63",2020-06-04 19:21:44+00,2020-06-27 05:56:27+00
1090,155,OLEO DIESEL S,"R$ 2,92",2020-06-15 10:16:49+00,2020-06-15 10:16:49+00
717,209,GASOLINA COMUM,"R$ 3,99",2020-05-28 20:27:29+00,2020-06-11 00:41:57+00
397,97,OLEO DIESEL B S500 ADIT ONU 1202 III CL3 GR,"R$ 2,83",2020-05-21 18:31:00+00,2020-06-27 10:16:50+00
323,75,GNV,"R$ 2,59",2020-05-15 23:18:45+00,2020-06-27 12:02:08+00
122,58,ETANOL,"R$ 3,26",2020-05-14 06:06:30+00,2020-07-01 00:21:58+00
693,165,ETANOL,"R$ 2,99",2020-05-28 16:20:52+00,2020-06-09 00:46:57+00
903,275,ETANOL,"R$ 3,29",2020-06-04 00:13:18+00,2020-07-12 03:13:16+00
926,273,GASOLINA COMUM,"R$ 4,34",2020-06-03 21:21:38+00,2020-07-12 03:21:34+00
514,187,GASOLINA ADITIVADA,"R$ 4,26",2020-05-21 18:31:02+00,2020-06-19 10:36:54+00
501,182,GASOLINA COMUM,"R$ 4,26",2020-05-21 18:31:02+00,2020-06-19 10:36:54+00
817,248,ETANOL,"R$ 2,99",2020-06-04 12:46:52+00,2020-06-08 00:46:48+00
1018,133,OLEO DIESEL B S500 ADITIVADO,"R$ 2,89",2020-06-08 21:56:55+00,2020-06-27 10:16:50+00
503,113,GASOLINA ADITIVADA,"R$ 4,26",2020-05-21 18:31:02+00,2020-06-19 10:36:55+00
296,46,GASOLINA COMUM,"R$ 4,23",2020-05-15 00:17:23+00,2020-07-13 00:11:53+00
586,119,GASOLINA ADITIVADA,"R$ 4,26",2020-05-21 18:31:04+00,2020-06-19 10:36:55+00
537,115,GASOLINA ADITIVADA,"R$ 4,26",2020-05-21 18:31:03+00,2020-06-19 10:36:54+00
1025,76,GASOLINA COMUM,"R$ 4,23",2020-06-09 06:11:53+00,2020-07-13 00:11:53+00
584,112,GASOLINA COMUM,"R$ 4,26",2020-05-21 18:31:04+00,2020-06-19 10:36:55+00
543,127,GASOLINA ADITIVADA,"R$ 4,26",2020-05-21 21:31:03+00,2020-06-15 10:36:54+00
507,184,GASOLINA ADITIVADA,"R$ 4,26",2020-05-21 18:31:02+00,2020-06-19 10:36:54+00
297,35,GASOLINA COMUM,"R$ 4,23",2020-05-15 03:17:23+00,2020-07-12 00:11:57+00
513,104,GASOLINA ADITIVADA,"R$ 4,26",2020-05-21 18:31:02+00,2020-06-19 10:36:54+00
1017,175,ETANOL,"R$ 2,99",2020-06-09 00:46:57+00,2020-06-09 00:46:57+00
532,123,GASOLINA COMUM,"R$ 4,24",2020-05-21 18:31:03+00,2020-06-19 10:36:54+00
430,129,DIESEL S10 BICO," R$ 2,99",2020-05-21 18:31:00+00,2020-06-27 10:16:50+00
170,9,OLEO DIESEL BS,"R$ 3,22",2020-05-13 09:07:14+00,2020-07-13 00:31:50+00
202,14,DIESEL BS,"R$ 3,24",2020-05-13 12:07:14+00,2020-07-13 00:31:50+00
1030,154,GASOLINA COMUM,"R$ 3,95",2020-06-11 00:41:56+00,2020-06-11 00:41:56+00
771,239,ETANOL,"R$ 2,99",2020-06-02 01:22:57+00,2020-06-11 00:46:48+00
182,2,DIESEL S 1 0 BICO,"R$ 3,20",2020-05-14 18:07:14+00,2020-07-07 00:31:53+00
1058,238,GASOLINA COMUM,"R$ 3,99",2020-06-11 00:41:57+00,2020-06-15 10:36:53+00
798,138,GASOLINA COMUM,"R$ 4,26",2020-06-02 12:41:54+00,2020-06-15 10:36:54+00
506,134,GASOLINA COMUM,"R$ 4,26",2020-05-21 18:31:02+00,2020-06-19 10:36:54+00
573,119,GASOLINA COMUM,"R$ 4,26",2020-05-21 18:31:04+00,2020-06-19 10:36:55+00
504,107,GASOLINA ADITIVADA,"R$ 4,26",2020-05-21 21:31:02+00,2020-06-15 10:36:54+00
510,104,GASOLINA COMUM,"R$ 4,26",2020-05-21 18:31:02+00,2020-06-19 10:36:54+00
208,44,OLEO DIESEL S,"R$ 3,24",2020-05-11 09:07:14+00,2020-07-13 00:31:50+00
451,145,DIESEL B S,"R$ 2,93",2020-05-21 21:31:01+00,2020-05-21 21:31:01+00
733,205,GNV,"R$ 2,72",2020-05-28 09:17:47+00,2020-06-30 14:00:10+00
744,222,GNV,"R$ 2,75",2020-05-28 09:17:48+00,2020-06-30 14:00:10+00
491,114,GASOLINA ADITIVADA,"R$ 4,26",2020-05-21 18:31:02+00,2020-06-19 10:36:55+00
500,181,GASOLINA COMUM,"R$ 4,26",2020-05-21 18:31:02+00,2020-06-19 10:36:55+00
734,221,GNV,"R$ 2,79",2020-05-28 09:17:48+00,2020-06-30 14:00:10+00
736,229,GNV,"R$ 2,89",2020-05-28 09:17:48+00,2020-06-30 14:00:10+00
505,183,GASOLINA ADITIVADA,"R$ 4,26",2020-05-21 18:31:02+00,2020-06-19 10:36:55+00
742,172,GNV,"R$ 2,89",2020-05-28 09:17:48+00,2020-06-30 14:00:10+00
1008,207,GASOLINA ADITIVADA,"R$ 4,26",2020-06-07 00:41:54+00,2020-06-15 10:36:54+00
737,168,GNV,"R$ 2,89",2020-05-28 09:17:48+00,2020-06-30 14:00:10+00
738,158,GNV,"R$ 2,92",2020-05-28 09:17:48+00,2020-06-30 14:00:10+00
477,169,DIESEL COMUM,"R$ 3,00",2020-05-21 21:31:01+00,2020-05-21 21:31:01+00
365,73,OLEO DIESEL B S10 BICO,"R$ 3,24",2020-05-20 07:31:24+00,2020-07-13 00:31:50+00
200,24,DIESEL BS,"R$ 3,24",2020-05-13 15:07:14+00,2020-07-13 00:31:50+00
239,86,OLEO DIESEL B S,"R$ 3,24",2020-05-11 18:07:15+00,2020-07-13 00:31:50+00
402,101,DIESEL BS,"R$ 3,04",2020-05-21 18:31:00+00,2020-06-27 10:16:50+00
400,99,DIESEL BS,"R$ 3,07",2020-05-21 15:31:00+00,2020-06-27 10:16:50+00
739,210,GNV,"R$ 2,98",2020-05-28 09:17:48+00,2020-06-30 14:00:10+00
1125,50,OLEO DIESEL B S 10 BICO,"R$ 3,15",2020-06-15 00:31:52+00,2020-07-01 00:31:55+00
1091,315,GASOLINA COMUM,"R$ 4,19",2020-06-15 07:36:53+00,2020-06-19 10:36:53+00
534,118,GASOLINA COMUM,"R$ 4,26",2020-05-21 21:31:03+00,2020-06-15 10:36:53+00
567,121,GASOLINA ADITIVADA,"R$ 4,26",2020-05-21 18:31:03+00,2020-06-19 10:36:54+00
556,136,GASOLINA COMUM,"R$ 4,26",2020-05-21 18:31:03+00,2020-06-19 10:36:55+00
492,99,GASOLINA COMUM,"R$ 4,24",2020-05-21 18:31:02+00,2020-06-19 10:36:54+00
516,134,GASOLINA ADITIVADA,"R$ 4,26",2020-05-21 18:31:02+00,2020-06-19 10:36:54+00
524,181,GASOLINA ADITIVADA,"R$ 4,26",2020-05-21 18:31:02+00,2020-06-19 10:36:54+00
1138,90,OLEO DIESEL S10 BICO,"R$ 3,19",2020-06-19 12:31:50+00,2020-07-05 00:32:04+00
719,204,GASOLINA ADITIVADA,"R$ 4,26",2020-05-28 17:27:29+00,2020-06-19 10:36:54+00
1022,309,ETANOL,"R$ 3,30",2020-06-08 18:41:21+00,2020-07-08 03:41:19+00
497,179,GASOLINA ADITIVADA,"R$ 4,26",2020-05-21 18:31:02+00,2020-06-19 10:36:54+00
1136,59,DIESEL S,"R$ 3,04",2020-06-19 21:31:50+00,2020-06-20 12:32:00+00
498,180,GASOLINA ADITIVADA,"R$ 4,26",2020-05-21 18:31:02+00,2020-06-19 10:36:55+00
722,206,GASOLINA COMUM,"R$ 4,26",2020-05-28 17:27:29+00,2020-06-19 10:36:54+00
515,130,GASOLINA COMUM,"R$ 4,26",2020-05-21 18:31:02+00,2020-06-19 10:36:54+00
804,148,ETANOL,"R$ 2,99",2020-06-02 12:46:50+00,2020-06-08 00:46:47+00
495,166,GASOLINA COMUM,"R$ 4,26",2020-05-21 18:31:02+00,2020-06-19 10:36:55+00
571,120,GASOLINA COMUM,"R$ 4,26",2020-05-21 18:31:03+00,2020-06-19 10:36:55+00
683,159,ETANOL,"R$ 3,10",2020-05-28 13:20:51+00,2020-06-19 10:46:47+00
423,122,DIESEL S,"R$ 3,09",2020-05-21 18:31:00+00,2020-06-27 10:16:51+00
527,190,GASOLINA ADITIVADA,"R$ 4,26",2020-05-21 18:31:03+00,2020-06-19 10:36:54+00
523,126,GASOLINA COMUM,"R$ 4,26",2020-05-21 18:31:02+00,2020-06-19 10:36:55+00
550,186,GASOLINA COMUM,"R$ 4,26",2020-05-21 18:31:03+00,2020-06-19 10:36:55+00
684,213,ETANOL,"R$ 2,99",2020-05-28 16:20:51+00,2020-06-10 00:46:46+00
494,101,GASOLINA COMUM,"R$ 4,24",2020-05-21 18:31:02+00,2020-06-19 10:36:53+00
493,99,GASOLINA ADITIVADA,"R$ 4,24",2020-05-21 18:31:02+00,2020-06-19 10:36:54+00
723,206,GASOLINA ADITIVADA,"R$ 4,26",2020-05-28 17:27:30+00,2020-06-19 10:36:55+00
552,191,GASOLINA ADITIVADA,"R$ 4,26",2020-05-21 18:31:03+00,2020-06-19 10:36:55+00
699,220,ETANOL,"R$ 3,29",2020-05-28 13:20:52+00,2020-06-19 10:46:48+00
810,252,ETANOL,"R$ 3,29",2020-06-03 12:47:07+00,2020-06-15 10:46:47+00
1057,246,GASOLINA COMUM,"R$ 3,99",2020-06-11 00:41:57+00,2020-06-11 00:41:57+00
1059,153,GASOLINA COMUM,"R$ 3,99",2020-06-11 00:41:57+00,2020-06-11 00:41:57+00
811,253,ETANOL,"R$ 3,29",2020-06-03 09:47:08+00,2020-06-19 10:46:48+00
805,250,ETANOL,"R$ 2,99",2020-06-02 12:46:50+00,2020-06-11 00:46:48+00
1021,309,DIESEL B S,"R$ 3,57",2020-06-09 00:31:21+00,2020-06-20 03:31:20+00
704,150,ETANOL,"R$ 3,29",2020-05-28 13:20:52+00,2020-06-19 10:46:48+00
541,190,GASOLINA COMUM,"R$ 4,26",2020-05-21 18:31:03+00,2020-06-19 10:36:55+00
1031,128,GASOLINA COMUM,"R$ 3,97",2020-06-11 00:41:57+00,2020-06-11 00:41:57+00
1032,128,GASOLINA ADITIVADA,"R$ 3,97",2020-06-11 00:41:57+00,2020-06-11 00:41:57+00
337,77,GASOLINA COMUM,"R$ 4,20",2020-05-14 14:25:20+00,2020-07-13 00:11:53+00
923,268,GASOLINA COMUM,"R$ 4,22",2020-06-03 21:21:38+00,2020-07-12 03:21:34+00
1033,217,GASOLINA COMUM," R$ 3,97",2020-06-11 00:41:57+00,2020-06-11 00:41:57+00
1034,109,GASOLINA COMUM,"R$ 3,97",2020-06-11 00:41:57+00,2020-06-11 00:41:57+00
529,177,GASOLINA COMUM,"R$ 3,45",2020-05-21 21:31:03+00,2020-05-21 21:31:03+00
1035,211,GASOLINA COMUM,"R$ 3,98",2020-06-11 00:41:57+00,2020-06-11 00:41:57+00
1036,100,GASOLINA ADITIVADA,"R$ 3,98",2020-06-11 00:41:57+00,2020-06-11 00:41:57+00
520,124,GASOLINA ADITIVADA,"R$ 4,26",2020-05-21 18:31:02+00,2020-06-19 10:36:55+00
533,140,GASOLINA COMUM,"R$ 3,45",2020-05-21 21:31:03+00,2020-05-21 21:31:03+00
569,182,GASOLINA ADITIVADA,"R$ 4,26",2020-05-21 18:31:03+00,2020-06-19 10:36:54+00
1037,173,GASOLINA COMUM,"R$ 3,98",2020-06-11 00:41:57+00,2020-06-11 00:41:57+00
559,101,GASOLINA ADITIVADA,"R$ 4,24",2020-05-21 18:31:03+00,2020-06-19 10:36:54+00
1038,176,GASOLINA COMUM,"R$ 3,99",2020-06-11 00:41:57+00,2020-06-11 00:41:57+00
681,168,ETANOL,"R$ 2,99",2020-05-28 16:20:51+00,2020-06-11 00:46:48+00
1039,230,GASOLINA COMUM,"R$ 3,99",2020-06-11 00:41:57+00,2020-06-11 00:41:57+00
528,123,GASOLINA ADITIVADA,"R$ 4,24",2020-05-21 18:31:03+00,2020-06-19 10:36:54+00
72,5,ETANOL,"R$ 3,18",2020-05-13 12:06:29+00,2020-07-13 00:21:48+00
1040,224,GASOLINA COMUM,"R$ 3,99",2020-06-11 00:41:57+00,2020-06-11 00:41:57+00
1041,161,GASOLINA COMUM,"R$ 3,99",2020-06-11 00:41:57+00,2020-06-11 00:41:57+00
574,124,GASOLINA COMUM,"R$ 4,26",2020-05-21 18:31:04+00,2020-06-19 10:36:55+00
575,196,GASOLINA COMUM,"R$ 4,26",2020-05-21 18:31:04+00,2020-06-19 10:36:54+00
560,174,GASOLINA COMUM,"R$ 3,45",2020-05-21 21:31:03+00,2020-05-21 21:31:03+00
806,249,OLEO DIESEL BS 10 COMUM BICO,"R$ 2,80",2020-06-02 12:56:48+00,2020-06-15 10:16:49+00
561,103,GASOLINA ADITIVADA,"R$ 4,26",2020-05-21 18:31:03+00,2020-06-19 10:36:55+00
545,102,GASOLINA ADITIVADA,"R$ 4,26",2020-05-21 18:31:03+00,2020-06-19 10:36:54+00
568,103,GASOLINA COMUM,"R$ 4,26",2020-05-21 18:31:03+00,2020-06-19 10:36:55+00
724,205,GASOLINA COMUM,"R$ 4,26",2020-05-28 17:27:30+00,2020-06-19 10:36:54+00
542,192,GASOLINA ADITIVADA,"R$ 3,94",2020-05-21 21:31:03+00,2020-06-11 00:41:56+00
572,147,GASOLINA COMUM,"R$ 3,45",2020-05-21 21:31:03+00,2020-05-21 21:31:03+00
547,111,GASOLINA COMUM,"R$ 4,26",2020-05-21 18:31:03+00,2020-06-19 10:36:54+00
1042,160,GASOLINA COMUM,"R$ 3,99",2020-06-11 00:41:57+00,2020-06-11 00:41:57+00
1043,244,GASOLINA COMUM,"R$ 3,99",2020-06-11 00:41:57+00,2020-06-11 00:41:57+00
213,1,DIESEL S 1 0 BICO,"R$ 3,17",2020-05-13 12:07:14+00,2020-07-01 00:31:55+00
720,146,GASOLINA COMUM,"R$ 4,26",2020-05-28 17:27:29+00,2020-06-19 10:36:54+00
580,175,GASOLINA COMUM,"R$ 3,45",2020-05-21 21:31:04+00,2020-05-21 21:31:04+00
522,189,GASOLINA COMUM,"R$ 4,26",2020-05-21 21:31:02+00,2020-06-15 10:36:54+00
1044,210,GASOLINA COMUM,"R$ 3,99",2020-06-11 00:41:57+00,2020-06-11 00:41:57+00
549,193,GASOLINA ADITIVADA,"R$ 4,26",2020-05-21 18:31:03+00,2020-06-19 10:36:55+00
615,204,ETANOL,"R$ 3,06",2020-05-28 13:20:50+00,2020-06-19 10:46:47+00
362,85,DIESEL S,"R$ 3,16",2020-05-19 19:31:06+00,2020-07-13 00:31:49+00
157,50,ETANOL,"R$ 3,37",2020-05-14 12:06:30+00,2020-07-05 00:21:51+00
544,122,GASOLINA COMUM,"R$ 4,26",2020-05-21 18:31:03+00,2020-06-19 10:36:54+00
1053,221,GASOLINA COMUM,"R$ 3,99",2020-06-11 00:41:57+00,2020-06-11 00:41:57+00
555,106,GASOLINA COMUM,"R$ 4,26",2020-05-21 18:31:03+00,2020-06-19 10:36:54+00
799,138,GASOLINA ADITIVADA,"R$ 4,26",2020-06-02 12:41:54+00,2020-06-15 10:36:54+00
578,121,GASOLINA COMUM,"R$ 4,26",2020-05-21 18:31:04+00,2020-06-19 10:36:55+00
1045,251,GASOLINA COMUM,"R$ 3,99",2020-06-11 00:41:57+00,2020-06-11 00:41:57+00
496,166,GASOLINA ADITIVADA,"R$ 4,26",2020-05-21 18:31:02+00,2020-06-19 10:36:54+00
525,183,GASOLINA COMUM,"R$ 4,26",2020-05-21 18:31:02+00,2020-06-19 10:36:54+00
928,274,GASOLINA COMUM,"R$ 4,22",2020-06-03 21:21:38+00,2020-07-12 03:21:34+00
750,235,GNV,"R$ 3,20",2020-05-28 12:17:48+00,2020-06-29 14:00:18+00
536,115,GASOLINA COMUM,"R$ 4,26",2020-05-21 18:31:03+00,2020-06-19 10:36:54+00
1046,159,GASOLINA COMUM,"R$ 3,99",2020-06-11 00:41:57+00,2020-06-11 00:41:57+00
562,102,GASOLINA COMUM,"R$ 4,26",2020-05-21 18:31:03+00,2020-06-19 10:36:55+00
1047,162,GASOLINA COMUM,"R$ 3,99",2020-06-11 00:41:57+00,2020-06-11 00:41:57+00
508,185,GASOLINA COMUM,"R$ 4,26",2020-05-21 18:31:02+00,2020-06-19 10:36:55+00
557,136,GASOLINA ADITIVADA,"R$ 4,26",2020-05-21 18:31:03+00,2020-06-19 10:36:55+00
521,188,GASOLINA ADITIVADA,"R$ 4,26",2020-05-21 18:31:02+00,2020-06-19 10:36:55+00
585,195,GASOLINA ADITIVADA,"R$ 4,26",2020-05-21 18:31:04+00,2020-06-19 10:36:55+00
1078,228,ETANOL,"R$ 3,14",2020-06-10 21:46:48+00,2020-06-19 10:46:47+00
618,101,ETANOL,"R$ 3,24",2020-05-28 13:20:50+00,2020-06-19 10:46:47+00
565,116,GASOLINA COMUM,"R$ 4,26",2020-05-21 21:31:03+00,2020-06-15 10:36:54+00
593,120,GNV,"R$ 2,72",2020-05-21 09:31:04+00,2020-06-30 14:00:10+00
592,132,GNV,"R$ 2,72",2020-05-21 09:31:04+00,2020-06-30 14:00:10+00
588,153,GNV,"R$ 2,75",2020-05-21 09:31:04+00,2020-06-30 14:00:10+00
589,197,GNV,"R$ 2,79",2020-05-21 09:31:04+00,2020-06-30 14:00:10+00
439,137,DIESEL BS,"R$ 3,06",2020-05-21 18:31:00+00,2020-06-27 10:16:50+00
221,68,DIESEL S10 BICO,"R$ 3,24",2020-05-14 03:07:14+00,2020-07-13 00:31:50+00
590,198,GNV,"R$ 2,79",2020-05-21 09:31:04+00,2020-06-30 14:00:10+00
591,199,GNV,"R$ 2,79",2020-05-21 09:31:04+00,2020-06-30 14:00:10+00
1048,203,GASOLINA COMUM,"R$ 3,99",2020-06-11 00:41:57+00,2020-06-11 00:41:57+00
431,130,DIESEL S 1 0 BICO,"R$ 3,08",2020-05-21 18:31:00+00,2020-06-27 10:16:50+00
419,118,DIESEL S,"R$ 3,09",2020-05-21 18:31:00+00,2020-06-27 10:16:51+00
1049,151,GASOLINA COMUM,"R$ 3,99",2020-06-11 00:41:57+00,2020-06-11 00:41:57+00
1050,310,GASOLINA COMUM,"R$ 3,99",2020-06-11 00:41:57+00,2020-06-11 00:41:57+00
1051,253,GASOLINA COMUM,"R$ 3,99",2020-06-11 00:41:57+00,2020-06-11 00:41:57+00
1052,163,GASOLINA COMUM,"R$ 3,99",2020-06-11 00:41:57+00,2020-06-11 00:41:57+00
1054,239,GASOLINA COMUM,"R$ 3,99",2020-06-11 00:41:57+00,2020-06-11 00:41:57+00
1055,219,GASOLINA COMUM,"R$ 3,99",2020-06-11 00:41:57+00,2020-06-11 00:41:57+00
1056,243,GASOLINA COMUM,"R$ 3,99",2020-06-11 00:41:57+00,2020-06-11 00:41:57+00
616,99,ETANOL,"R$ 3,24",2020-05-28 13:20:50+00,2020-06-19 10:46:47+00
594,122,GNV,"R$ 2,87",2020-05-21 09:31:04+00,2020-06-30 14:00:10+00
375,76,DIESEL S 10 BICO,"R$ 3,25",2020-05-21 00:00:29+00,2020-07-07 00:31:54+00
194,15,DIESEL BS,"R$ 3,24",2020-05-13 18:07:14+00,2020-07-13 00:31:50+00
206,31,OLEO DIESEL S10 COMUM,"R$ 3,24",2020-05-13 12:07:14+00,2020-07-13 00:31:50+00
1075,310,ETANOL,"R$ 3,07",2020-06-11 00:46:48+00,2020-06-11 00:46:48+00
1077,314,ETANOL,"R$ 3,10",2020-06-11 00:46:48+00,2020-06-11 00:46:48+00
1076,227,ETANOL,"R$ 3,19",2020-06-11 00:46:48+00,2020-06-11 00:46:48+00
1079,110,ETANOL,"R$ 3,20",2020-06-11 00:46:48+00,2020-06-11 00:46:48+00
1080,131,ETANOL,"R$ 3,20",2020-06-11 00:46:48+00,2020-06-11 00:46:48+00
630,134,ETANOL,"R$ 3,26",2020-05-28 13:20:50+00,2020-06-19 10:46:47+00
663,182,ETANOL,"R$ 3,26",2020-05-28 13:20:51+00,2020-06-19 10:46:47+00
247,50,OLEO DIESEL B S,"R$ 3,25",2020-05-15 06:07:15+00,2020-07-12 00:31:48+00
381,63,GASOLINA COMUM,"R$ 4,23",2020-05-21 06:00:32+00,2020-07-12 00:11:57+00
611,192,ETANOL,"R$ 3,24",2020-05-28 13:20:50+00,2020-06-19 10:46:47+00
579,107,GASOLINA COMUM,"R$ 4,26",2020-05-21 18:31:04+00,2020-06-19 10:36:55+00
808,208,GASOLINA COMUM,"R$ 4,26",2020-06-03 09:41:58+00,2020-06-19 10:36:55+00
539,179,GASOLINA COMUM,"R$ 4,26",2020-05-21 18:31:03+00,2020-06-19 10:36:54+00
490,114,GASOLINA COMUM,"R$ 4,26",2020-05-21 18:31:02+00,2020-06-19 10:36:55+00
898,272,ETANOL,"R$ 3,18",2020-06-03 15:13:18+00,2020-07-12 03:13:16+00
526,188,GASOLINA COMUM,"R$ 4,26",2020-05-21 18:31:03+00,2020-06-19 10:36:54+00
112,67,ETANOL,"R$ 3,18",2020-05-13 09:06:30+00,2020-07-12 05:16:16+00
638,123,ETANOL,"R$ 3,24",2020-05-28 13:20:51+00,2020-06-19 10:46:47+00
762,192,GASOLINA COMUM,"R$ 4,24",2020-06-01 22:04:21+00,2020-06-19 10:36:53+00
530,184,GASOLINA COMUM,"R$ 4,26",2020-05-21 18:31:03+00,2020-06-19 10:36:54+00
554,116,GASOLINA ADITIVADA,"R$ 4,26",2020-05-21 21:31:03+00,2020-06-15 10:36:54+00
1067,231,ETANOL,"R$ 3,00",2020-06-11 00:46:48+00,2020-06-11 00:46:48+00
210,3,DIESEL S,"R$ 3,31",2020-05-14 06:07:14+00,2020-07-08 03:05:37+00
135,77,ETANOL,"R$ 3,26",2020-05-12 00:06:30+00,2020-07-13 00:21:50+00
582,143,GASOLINA COMUM,"R$ 4,26",2020-05-21 18:31:04+00,2020-06-19 10:36:54+00
816,207,GASOLINA COMUM,"R$ 4,26",2020-06-04 09:42:07+00,2020-06-19 10:36:55+00
900,280,ETANOL,"R$ 3,18",2020-06-02 18:13:18+00,2020-07-12 05:16:16+00
581,143,GASOLINA ADITIVADA,"R$ 4,26",2020-05-21 18:31:04+00,2020-06-19 10:36:55+00
509,185,GASOLINA ADITIVADA,"R$ 4,26",2020-05-21 18:31:02+00,2020-06-19 10:36:55+00
563,155,GASOLINA ADITIVADA,"R$ 4,26",2020-05-21 18:31:03+00,2020-06-19 10:36:55+00
538,189,GASOLINA ADITIVADA,"R$ 4,26",2020-05-21 21:31:03+00,2020-06-15 10:36:54+00
422,121,OLEO DIESEL BS,"R$ 2,79",2020-05-21 21:31:00+00,2020-06-03 12:56:49+00
583,194,GASOLINA ADITIVADA,"R$ 4,26",2020-05-21 18:31:04+00,2020-06-19 10:36:55+00
1069,197,ETANOL,"R$ 3,00",2020-06-11 00:46:48+00,2020-06-11 00:46:48+00
570,112,GASOLINA ADITIVADA,"R$ 4,26",2020-05-21 18:31:03+00,2020-06-19 10:36:55+00
1070,226,ETANOL,"R$ 3,00",2020-06-11 00:46:48+00,2020-06-11 00:46:48+00
68,3,ETANOL,"R$ 3,18",2020-05-12 00:06:29+00,2020-07-13 00:21:48+00
1071,225,ETANOL,"R$ 3,00",2020-06-11 00:46:48+00,2020-06-11 00:46:48+00
535,125,GASOLINA ADITIVADA,"R$ 4,26",2020-05-21 18:31:03+00,2020-06-19 10:36:55+00
159,2,DIESEL COMUM BICO,"R$ 3,12",2020-05-13 09:07:14+00,2020-07-13 00:31:49+00
166,33,OLEO DIESEL B S,"R$ 3,12",2020-05-12 18:07:14+00,2020-07-13 00:31:49+00
673,186,ETANOL,"R$ 3,26",2020-05-28 13:20:51+00,2020-06-19 10:46:47+00
622,188,ETANOL,"R$ 3,26",2020-05-28 13:20:50+00,2020-06-19 10:46:47+00
1072,311,ETANOL,"R$ 3,00",2020-06-11 00:46:48+00,2020-06-11 00:46:48+00
1073,312,ETANOL,"R$ 3,00",2020-06-11 00:46:48+00,2020-06-11 00:46:48+00
906,274,ETANOL,"R$ 3,22",2020-06-03 21:13:18+00,2020-07-12 03:13:16+00
176,2,DIESEL S 5 0 0 BICO,"R$ 3,16",2020-05-14 06:07:14+00,2020-07-12 00:31:48+00
904,277,ETANOL,"R$ 3,26",2020-06-03 15:13:18+00,2020-07-12 03:13:16+00
729,135,GASOLINA COMUM,"R$ 4,26",2020-05-28 20:27:31+00,2020-06-15 10:36:54+00
813,202,GASOLINA COMUM,"R$ 3,96",2020-06-04 00:41:54+00,2020-06-11 00:41:56+00
910,278,GASOLINA COMUM,"R$ 4,26",2020-06-03 21:21:37+00,2020-07-12 03:21:34+00
1074,313,ETANOL,"R$ 3,06",2020-06-11 00:46:48+00,2020-06-11 00:46:48+00
171,39,OLEO DIESEL B S,"R$ 3,14",2020-05-13 09:07:14+00,2020-07-13 00:31:49+00
624,179,ETANOL,"R$ 3,26",2020-05-28 13:20:50+00,2020-06-19 10:46:47+00
861,265,ETANOL,"R$ 3,09",2020-06-05 00:46:52+00,2020-06-11 00:46:48+00
551,120,GASOLINA ADITIVADA,"R$ 4,26",2020-05-21 21:31:03+00,2020-06-15 10:36:54+00
1060,150,GASOLINA COMUM,"R$ 3,99",2020-06-11 00:41:57+00,2020-06-11 00:41:57+00
454,148,OLEO DIESEL S10 BICO,"R$ 2,90",2020-05-21 21:31:01+00,2020-06-15 10:16:49+00
796,246,OLEO DIESEL B S10 BICO,"R$ 3,19",2020-06-02 01:25:41+00,2020-06-12 10:16:50+00
656,102,ETANOL,"R$ 3,26",2020-05-28 13:20:51+00,2020-06-19 10:46:47+00
927,276,GASOLINA COMUM,"R$ 4,26",2020-06-03 21:21:38+00,2020-07-12 03:21:34+00
1131,88,DIESEL S,"R$ 3,19",2020-06-19 06:31:50+00,2020-07-08 00:31:53+00
930,277,GASOLINA COMUM,"R$ 4,26",2020-06-03 21:21:38+00,2020-07-12 03:21:34+00
1135,25,OLEO DIESEL S10 BICO,"R$ 3,19",2020-06-19 12:31:50+00,2020-07-08 00:31:53+00
633,199,ETANOL,"R$ 3,26",2020-05-28 13:20:51+00,2020-06-19 10:46:47+00
642,181,ETANOL,"R$ 3,26",2020-05-28 13:20:51+00,2020-06-19 10:46:47+00
922,275,GASOLINA COMUM,"R$ 4,29",2020-06-03 21:21:38+00,2020-07-12 03:21:34+00
636,183,ETANOL,"R$ 3,26",2020-05-28 13:20:51+00,2020-06-19 10:46:47+00
934,274,GASOLINA ADITIVADA,"R$ 4,70",2020-06-04 06:21:38+00,2020-07-12 03:21:35+00
222,40,OLEO DIESEL B S,"R$ 3,15",2020-05-13 09:07:15+00,2020-07-13 00:31:49+00
631,113,ETANOL,"R$ 3,26",2020-05-28 13:20:50+00,2020-06-19 10:46:47+00
1061,265,GASOLINA COMUM,"R$ 3,99",2020-06-11 00:41:57+00,2020-06-11 00:41:57+00
1062,245,GASOLINA COMUM,"R$ 3,99",2020-06-11 00:41:57+00,2020-06-11 00:41:57+00
1063,216,GASOLINA COMUM,"R$ 3,99",2020-06-11 00:41:57+00,2020-06-11 00:41:57+00
1064,108,GASOLINA ADITIVADA,"R$ 3,99",2020-06-11 00:41:57+00,2020-06-11 00:41:57+00
1065,152,GASOLINA COMUM,"R$ 3,99",2020-06-11 00:41:57+00,2020-06-11 00:41:57+00
645,130,ETANOL,"R$ 3,26",2020-05-28 13:20:51+00,2020-06-19 10:46:47+00
246,84,DIESEL COMUM,"R$ 3,16",2020-05-13 09:07:15+00,2020-07-13 00:31:49+00
634,136,ETANOL,"R$ 3,26",2020-05-28 13:20:51+00,2020-06-19 10:46:47+00
664,122,ETANOL,"R$ 3,26",2020-05-28 13:20:51+00,2020-06-19 10:46:47+00
652,206,ETANOL,"R$ 3,26",2020-05-28 13:20:51+00,2020-06-19 10:46:47+00
667,103,ETANOL,"R$ 3,26",2020-05-28 13:20:51+00,2020-06-19 10:46:47+00
659,194,ETANOL,"R$ 3,26",2020-05-28 13:20:51+00,2020-06-19 10:46:47+00
621,195,ETANOL,"R$ 3,26",2020-05-28 13:20:50+00,2020-06-19 10:46:47+00
225,81,DIESEL,"R$ 3,17",2020-05-13 09:07:15+00,2020-07-13 00:31:50+00
227,35,OLEO DIESEL B S,"R$ 3,19",2020-05-12 15:07:15+00,2020-07-13 00:31:50+00
244,93,DIESEL B S500 BICO,"R$ 3,20",2020-05-13 09:07:15+00,2020-07-13 00:31:50+00
460,154,DIESEL S,"R$ 3,05",2020-05-21 15:31:01+00,2020-06-27 10:16:50+00
786,115,DIESEL BS,"R$ 3,09",2020-06-01 22:25:40+00,2020-06-27 10:16:50+00
407,106,DIESEL S,"R$ 3,09",2020-05-21 18:31:00+00,2020-06-27 10:16:50+00
433,132,DIESEL BS,"R$ 3,09",2020-05-21 18:31:00+00,2020-06-27 10:16:51+00
781,102,DIESEL BS,"R$ 3,09",2020-06-01 22:25:40+00,2020-06-27 10:16:51+00
417,116,DIESEL BS,"R$ 3,09",2020-05-21 18:31:00+00,2020-06-27 10:16:51+00
426,125,DIESEL BS,"R$ 3,09",2020-05-21 18:31:00+00,2020-06-27 10:16:51+00
459,153,DIESEL B S,"R$ 3,12",2020-05-21 15:31:01+00,2020-06-27 10:16:51+00
229,64,OLEO DIESEL B S10 BICO,"R$ 3,25",2020-05-13 12:07:15+00,2020-07-13 00:31:50+00
371,36,DIESEL S10 BICO,"R$ 3,25",2020-05-19 13:31:26+00,2020-07-13 00:31:50+00
186,34,OLEO DIESEL S10 BICO,"R$ 3,25",2020-05-13 15:07:14+00,2020-07-13 00:31:50+00
399,98,ONU 1202 OLEO DIESEL B S10 3 III,"R$ 2,88",2020-05-21 18:31:00+00,2020-06-27 10:16:50+00
519,105,GASOLINA ADITIVADA,"R$ 4,26",2020-05-21 18:31:02+00,2020-06-19 10:36:55+00
814,254,ETANOL,"R$ 3,29",2020-06-04 00:46:49+00,2020-06-15 10:46:47+00
511,186,GASOLINA ADITIVADA,"R$ 4,26",2020-05-21 18:31:02+00,2020-06-19 10:36:55+00
517,117,GASOLINA ADITIVADA,"R$ 4,26",2020-05-21 18:31:02+00,2020-06-19 10:36:55+00
512,187,GASOLINA COMUM,"R$ 4,26",2020-05-21 18:31:02+00,2020-06-19 10:36:55+00
772,240,ETANOL,"R$ 3,29",2020-06-02 01:22:57+00,2020-06-15 10:46:47+00
862,266,OLEO DIESEL S,"R$ 3,10",2020-06-04 00:05:33+00,2020-07-08 03:05:36+00
863,267,DIESEL COMUM,"R$ 3,12",2020-06-04 12:05:33+00,2020-07-08 03:05:36+00
787,97,OLEO DIESEL B S500 COMUM ONU1202 III CL3 GR,"R$ 2,89",2020-06-01 22:25:40+00,2020-06-27 10:16:50+00
864,268,DIESEL BS,"R$ 3,22",2020-06-04 12:05:33+00,2020-07-08 03:05:36+00
784,121,OLEO DIESEL B S500 COMUM,"R$ 2,99",2020-06-01 22:25:40+00,2020-06-27 10:16:50+00
412,111,DIESEL S 1 0 BICO,"R$ 3,08",2020-05-21 18:31:00+00,2020-06-27 10:16:50+00
881,270,OLEO DIESEL BS,"R$ 3,27",2020-06-04 12:05:33+00,2020-07-08 03:05:37+00
878,278,DIESEL S10 BICO,"R$ 3,37",2020-06-04 12:05:33+00,2020-07-08 03:05:37+00
436,134,OLEO DIESEL B S500 COMUM BICO,"R$ 3,16",2020-05-21 18:31:00+00,2020-06-27 10:16:51+00
447,143,OLEO DIESEL S10 BICO,"R$ 3,19",2020-05-21 18:31:01+00,2020-06-27 10:16:51+00
442,140,OLEO DIESEL S10 BICO,"R$ 3,22",2020-05-21 18:31:00+00,2020-06-27 10:16:51+00
1020,94,ETANOL,"R$ 2,49",2020-06-06 12:13:23+00,2020-07-12 05:16:16+00
732,180,GNV,"R$ 2,72",2020-05-28 09:17:47+00,2020-06-30 14:00:10+00
441,139,OLEO DIESEL B S500 ADITIVADO BICO,"R$ 3,22",2020-05-21 18:31:00+00,2020-06-27 10:16:51+00
785,204,DIESEL S10 ADITIVADO,"R$ 3,26",2020-06-01 22:25:40+00,2020-06-27 10:16:51+00
472,164,DIESEL S 1 0 BICO,"R$ 3,28",2020-05-21 18:31:01+00,2020-06-27 10:16:51+00
1139,216,DIESEL S10 ADITIVADO RENDMAX BICO,"R$ 3,29",2020-06-27 10:16:51+00,2020-06-27 10:16:51+00
731,211,GNV,"R$ 2,75",2020-05-28 09:17:47+00,2020-06-30 14:00:10+00
487,176,DIESEL S,"R$ 3,29",2020-05-21 18:31:02+00,2020-06-27 10:16:51+00
749,234,GNV,"R$ 3,00",2020-05-28 09:17:48+00,2020-06-30 14:00:10+00
548,193,GASOLINA COMUM,"R$ 4,26",2020-05-21 21:31:03+00,2020-06-15 10:36:54+00
721,204,GASOLINA COMUM,"R$ 4,26",2020-05-28 17:27:29+00,2020-06-19 10:36:54+00
253,5,GASOLINA COMUM,"R$ 4,18",2020-05-13 12:17:22+00,2020-07-13 00:11:52+00
260,2,GASOLINA COMUM,"R$ 4,20",2020-05-12 06:17:22+00,2020-07-13 00:11:52+00
612,196,ETANOL,"R$ 3,26",2020-05-28 13:20:50+00,2020-06-19 10:46:47+00
895,269,ETANOL,"R$ 3,16",2020-06-03 15:13:18+00,2020-07-12 03:13:16+00
387,81,GASOLINA ADITIVADA,"R$ 4,26",2020-05-20 09:00:32+00,2020-06-30 00:12:00+00
907,273,ETANOL,"R$ 3,16",2020-06-03 15:13:18+00,2020-07-12 03:13:16+00
896,279,ETANOL,"R$ 3,18",2020-06-03 15:13:18+00,2020-07-12 03:13:16+00
553,155,GASOLINA COMUM,"R$ 4,26",2020-05-21 18:31:03+00,2020-06-19 10:36:55+00
261,7,GASOLINA COMUM,"R$ 4,18",2020-05-13 12:17:22+00,2020-07-13 00:11:52+00
913,267,GASOLINA COMUM,"R$ 4,18",2020-06-03 21:21:37+00,2020-07-12 03:21:34+00
914,267,GASOLINA ADITIVADA,"R$ 4,18",2020-06-03 21:21:37+00,2020-07-12 03:21:34+00
917,272,GASOLINA COMUM,"R$ 4,18",2020-06-03 21:21:38+00,2020-07-12 03:21:34+00
915,279,GASOLINA COMUM,"R$ 4,18",2020-06-03 21:21:38+00,2020-07-12 03:21:34+00
1144,319,GNV,"R$ 3,00",2020-06-30 14:00:10+00,2020-06-30 14:00:10+00
916,272,GASOLINA ADITIVADA,"R$ 4,18",2020-06-03 21:21:38+00,2020-07-12 03:21:34+00
920,266,GASOLINA COMUM,"R$ 4,20",2020-06-03 21:21:38+00,2020-07-12 03:21:34+00
6,6,GASOLINA ADITIVADA,"R$ 4,23",2020-05-13 18:06:15+00,2020-07-12 03:21:34+00
929,277,GASOLINA ADITIVADA,"R$ 4,29",2020-06-03 21:21:38+00,2020-07-12 03:21:34+00
576,137,GASOLINA ADITIVADA,"R$ 4,26",2020-05-21 18:31:04+00,2020-06-19 10:36:55+00
5,5,GASOLINA ADITIVADA,"R$ 4,18",2020-05-13 12:06:15+00,2020-07-13 00:11:52+00
807,208,GASOLINA ADITIVADA,"R$ 4,26",2020-06-03 09:41:58+00,2020-06-19 10:36:55+00
373,48,OLEO DIESEL S10 BICO,"R$ 3,19",2020-05-20 19:31:27+00,2020-07-08 00:31:53+00
257,8,GASOLINA COMUM,"R$ 4,18",2020-05-13 12:17:22+00,2020-07-13 00:11:52+00
272,14,GASOLINA COMUM,"R$ 4,20",2020-05-13 12:17:23+00,2020-07-13 00:11:52+00
305,71,GASOLINA COMUM,"R$ 4,20",2020-05-13 12:17:23+00,2020-07-13 00:11:52+00
311,71,GASOLINA ADITIVADA,"R$ 4,20",2020-05-13 12:17:23+00,2020-07-13 00:11:52+00
1146,63,OLEO DIESEL S,"R$ 3,21",2020-07-04 00:32:09+00,2020-07-04 00:32:09+00
278,22,GASOLINA COMUM,"R$ 4,20",2020-05-13 12:17:23+00,2020-07-13 00:11:52+00
290,34,GASOLINA COMUM,"R$ 4,21",2020-05-13 18:17:23+00,2020-07-13 00:11:53+00
540,191,GASOLINA COMUM,"R$ 4,26",2020-05-21 18:31:03+00,2020-06-19 10:36:55+00
499,180,GASOLINA COMUM,"R$ 4,26",2020-05-21 18:31:02+00,2020-06-19 10:36:55+00
531,125,GASOLINA COMUM,"R$ 4,26",2020-05-21 18:31:03+00,2020-06-19 10:36:55+00
650,117,ETANOL,"R$ 3,26",2020-05-28 13:20:51+00,2020-06-19 10:46:48+00
64,64,GASOLINA ADITIVADA,"R$ 4,23",2020-05-13 18:06:16+00,2020-07-13 00:11:53+00
335,50,OLEO DIESEL B S 500 BICO,"R$ 3,20",2020-05-16 05:25:20+00,2020-07-13 00:31:50+00
366,56,OLEO DIESEL B S10 BICO,"R$ 3,25",2020-05-19 07:31:25+00,2020-07-13 00:31:50+00
230,58,OLEO DIESEL B S10 BICO,"R$ 3,25",2020-05-13 09:07:15+00,2020-07-13 00:31:50+00
219,82,OLEO DIESEL B S10 BICO,"R$ 3,27",2020-05-15 00:07:14+00,2020-07-13 00:31:50+00
709,224,ETANOL,"R$ 3,29",2020-05-28 16:20:52+00,2020-06-15 10:46:47+00
1019,165,GNV,"R$ 3,09",2020-06-09 01:00:09+00,2020-06-09 01:00:09+00
791,138,OLEO DIESEL B S500 ADITIVADO,"R$ 3,00",2020-06-02 01:25:41+00,2020-06-02 01:25:41+00
1068,198,ETANOL,"R$ 3,29",2020-06-11 00:46:48+00,2020-06-15 10:46:47+00
658,166,ETANOL,"R$ 3,26",2020-05-28 13:20:51+00,2020-06-19 10:46:48+00
51,51,GASOLINA ADITIVADA,"R$ 4,24",2020-05-15 15:06:15+00,2020-06-16 00:11:52+00
662,116,ETANOL,"R$ 3,26",2020-05-28 13:20:51+00,2020-06-19 10:46:48+00
613,202,ETANOL,"R$ 3,26",2020-05-28 13:20:50+00,2020-06-19 10:46:48+00
764,154,ETANOL,"R$ 3,27",2020-06-01 22:22:56+00,2020-06-19 10:46:48+00
617,171,ETANOL,"R$ 3,27",2020-05-28 13:20:50+00,2020-06-19 10:46:48+00
775,242,ETANOL,"R$ 3,29",2020-06-01 22:22:57+00,2020-06-19 10:46:48+00
802,133,ETANOL,"R$ 3,29",2020-06-02 09:46:49+00,2020-06-19 10:46:48+00
688,141,ETANOL,"R$ 3,29",2020-05-28 13:20:51+00,2020-06-19 10:46:48+00
700,174,ETANOL,"R$ 3,29",2020-05-28 13:20:52+00,2020-06-19 10:46:48+00
420,119,OLEO DIESEL B S500 COMUM,"R$ 2,99",2020-05-21 18:31:00+00,2020-06-27 10:16:50+00
899,283,ETANOL,"R$ 3,18",2020-06-03 15:13:18+00,2020-07-12 03:13:16+00
418,117,OLEO DIESEL B S,"R$ 2,99",2020-05-21 18:31:00+00,2020-06-27 10:16:50+00
446,143,OLEO DIESEL B S500 ADITIVADO BICO,"R$ 3,09",2020-05-21 18:31:01+00,2020-06-27 10:16:50+00
421,120,DIESEL BS,"R$ 3,09",2020-05-21 18:31:00+00,2020-06-27 10:16:51+00
885,281,DIESEL S 5 0,"R$ 2,86",2020-06-05 03:05:33+00,2020-06-06 03:05:29+00
788,205,DIESEL BS,"R$ 3,09",2020-06-01 22:25:40+00,2020-06-27 10:16:51+00
1092,233,ETANOL,"R$ 3,29",2020-06-15 10:46:47+00,2020-06-15 10:46:47+00
783,113,DIESEL BS,"R$ 3,09",2020-06-01 22:25:40+00,2020-06-27 10:16:51+00
767,237,ETANOL,"R$ 3,29",2020-06-02 01:22:56+00,2020-06-15 10:46:47+00
413,112,DIESEL BS,"R$ 3,09",2020-05-21 18:31:00+00,2020-06-27 10:16:51+00
818,172,ETANOL,"R$ 3,29",2020-06-04 12:46:52+00,2020-06-15 10:46:47+00
782,123,DIESEL BS,"R$ 3,09",2020-06-01 22:25:40+00,2020-06-27 10:16:51+00
440,138,OLEO DIESEL B S500 COMUM BICO,"R$ 3,09",2020-05-21 18:31:00+00,2020-06-27 10:16:51+00
1015,308,DIESEL S10 BICO," R$ 3,08",2020-06-08 00:56:48+00,2020-06-12 10:16:50+00
448,139,OLEO DIESEL S10 BICO,"R$ 3,26",2020-05-21 18:31:01+00,2020-06-27 10:16:51+00
706,139,ETANOL,"R$ 3,29",2020-05-28 16:20:52+00,2020-06-15 10:46:47+00
449,136,DIESEL B S10 COMUM,"R$ 3,26",2020-05-21 18:31:01+00,2020-06-27 10:16:51+00
435,133,OLEO DIESEL S10 BICO,"R$ 3,26",2020-05-21 18:31:00+00,2020-06-27 10:16:51+00
455,149,DIESEL S,"R$ 3,29",2020-05-21 15:31:01+00,2020-06-27 10:16:51+00
1023,309,GASOLINA COMUM,"R$ 4,25",2020-06-08 12:51:46+00,2020-07-01 03:51:35+00
1140,318,DIESEL S10 GRID,"R$ 3,29",2020-06-27 10:16:52+00,2020-06-27 10:16:52+00
469,161,OLEO DIESEL BS10 BICO,"R$ 3,29",2020-05-21 18:31:01+00,2020-06-27 10:16:52+00
359,87,GASOLINA ADITIVADA,"R$ 4,20",2020-05-19 12:38:33+00,2020-07-13 00:11:53+00
1028,293,DIESEL S10 BICO,"R$ 3,13",2020-06-08 21:31:19+00,2020-07-12 03:31:16+00
942,285,OLEO DIESEL B S10 COMUM,"R$ 3,17",2020-06-03 21:31:18+00,2020-07-12 03:31:16+00
315,57,GASOLINA COMUM,"R$ 4,23",2020-05-14 18:17:23+00,2020-07-08 00:11:56+00
777,160,ETANOL,"R$ 3,19",2020-06-01 22:22:57+00,2020-06-19 10:46:47+00
676,128,ETANOL,"R$ 3,27",2020-05-28 13:20:51+00,2020-06-19 10:46:48+00
679,211,ETANOL,"R$ 3,28",2020-05-28 13:20:51+00,2020-06-19 10:46:48+00
677,176,ETANOL,"R$ 3,29",2020-05-28 13:20:51+00,2020-06-19 10:46:48+00
801,142,ETANOL,"R$ 3,29",2020-06-02 09:46:49+00,2020-06-19 10:46:48+00
705,140,ETANOL,"R$ 3,29",2020-05-28 16:20:52+00,2020-06-15 10:46:47+00
1066,229,ETANOL,"R$ 3,29",2020-06-11 00:46:48+00,2020-06-15 10:46:47+00
809,251,ETANOL,"R$ 3,29",2020-06-03 09:47:07+00,2020-06-19 10:46:48+00
697,219,ETANOL,"R$ 3,29",2020-05-28 13:20:52+00,2020-06-19 10:46:48+00
774,241,ETANOL,"R$ 3,29",2020-06-02 01:22:57+00,2020-06-15 10:46:47+00
1083,316,ETANOL,"R$ 3,19",2020-06-10 18:41:34+00,2020-07-12 03:41:15+00
874,271,DIESEL S 1 0 BICO,"R$ 3,29",2020-06-04 06:05:33+00,2020-07-08 03:05:37+00
608,201,GASOLINA ADITIVADA,"R$ 4,20",2020-05-26 06:11:54+00,2020-07-13 00:11:53+00
58,58,GASOLINA ADITIVADA,"R$ 4,20",2020-05-13 18:06:15+00,2020-07-13 00:11:53+00
262,10,GASOLINA COMUM,"R$ 4,20",2020-05-13 12:17:22+00,2020-07-13 00:11:53+00
77,38,ETANOL,"R$ 3,20",2020-05-13 12:06:29+00,2020-07-13 00:21:49+00
121,56,ETANOL,"R$ 3,20",2020-05-13 12:06:30+00,2020-07-13 00:21:49+00
978,301,GASOLINA COMUM,"R$ 4,20",2020-06-04 11:04:29+00,2020-07-12 05:04:25+00
979,302,GASOLINA COMUM,"R$ 4,20",2020-06-04 02:04:29+00,2020-07-12 05:04:25+00
1010,306,OLEO DIESEL B S,"R$ 2,94",2020-06-06 12:05:36+00,2020-07-08 05:26:39+00
735,109,GNV,"R$ 2,89",2020-05-28 09:17:48+00,2020-06-30 14:00:10+00
256,4,GASOLINA COMUM,"R$ 4,18",2020-05-13 12:17:22+00,2020-07-13 00:11:52+00
4,4,GASOLINA ADITIVADA,"R$ 4,18",2020-05-13 12:06:15+00,2020-07-13 00:11:52+00
177,94,OLEO DIESEL B S,"R$ 3,11",2020-05-14 18:07:14+00,2020-07-08 05:26:39+00
276,23,GASOLINA COMUM,"R$ 4,20",2020-05-13 12:17:23+00,2020-07-13 00:11:52+00
277,21,GASOLINA COMUM,"R$ 4,20",2020-05-13 12:17:23+00,2020-07-13 00:11:52+00
14,14,GASOLINA ADITIVADA,"R$ 4,20",2020-05-13 12:06:15+00,2020-07-13 00:11:52+00
282,15,GASOLINA COMUM,"R$ 4,20",2020-05-13 12:17:23+00,2020-07-13 00:11:52+00
16,16,GASOLINA ADITIVADA,"R$ 4,20",2020-05-13 12:06:15+00,2020-07-13 00:11:52+00
607,201,GASOLINA COMUM,"R$ 4,20",2020-05-26 06:11:54+00,2020-07-13 00:11:52+00
314,54,GASOLINA COMUM,"R$ 4,20",2020-05-13 15:17:23+00,2020-07-13 00:11:52+00
54,54,GASOLINA ADITIVADA,"R$ 4,20",2020-05-13 15:06:15+00,2020-07-13 00:11:52+00
128,73,ETANOL,"R$ 3,20",2020-05-13 12:06:30+00,2020-07-13 00:21:49+00
104,46,ETANOL,"R$ 3,23",2020-05-13 12:06:30+00,2020-07-13 00:21:49+00
752,236,ETANOL,"R$ 3,23",2020-05-27 18:21:55+00,2020-07-13 00:21:49+00
138,78,ETANOL,"R$ 3,23",2020-05-13 12:06:30+00,2020-07-13 00:21:49+00
129,74,ETANOL,"R$ 3,23",2020-05-12 15:06:30+00,2020-07-13 00:21:49+00
69,11,ETANOL,"R$ 3,23",2020-05-14 15:06:29+00,2020-07-13 00:21:49+00
154,90,ETANOL,"R$ 3,29",2020-05-13 12:06:30+00,2020-07-13 00:21:50+00
1002,299,DIESEL S,"R$ 3,25",2020-06-04 20:26:31+00,2020-07-08 05:26:39+00
148,52,ETANOL,"R$ 3,29",2020-05-13 12:06:30+00,2020-07-13 00:21:50+00
228,67,OLEO DIESEL S,"R$ 3,25",2020-05-13 18:07:15+00,2020-07-08 05:26:39+00
596,2,DIESEL S 1,"R$ 3,21",2020-05-22 13:03:53+00,2020-07-13 00:31:50+00
231,51,OLEO DIESEL B S10 COMUM (B:13),"R$ 3,22",2020-05-14 03:07:15+00,2020-07-13 00:31:50+00
880,280,DIESEL COMUM,"R$ 3,27",2020-06-04 03:05:33+00,2020-07-08 05:26:39+00
1005,298,DIESEL S,"R$ 3,31",2020-06-04 20:26:31+00,2020-07-08 05:26:39+00
372,41,OLEO DIESEL S10 BICO,"R$ 3,19",2020-05-20 22:31:27+00,2020-07-08 00:31:53+00
250,40,OLEO DIESEL BS,"R$ 3,25",2020-05-13 18:07:15+00,2020-07-12 00:31:49+00
189,32,DIESEL S 1 0 BICO,"R$ 2,90",2020-05-15 12:07:14+00,2020-06-17 00:31:49+00
470,162,OLEO DIESEL B S,"R$ 2,99",2020-05-21 18:31:01+00,2020-06-27 10:16:50+00
897,267,ETANOL,"R$ 3,18",2020-06-03 15:13:18+00,2020-07-12 03:13:16+00
425,124,DIESEL B S,"R$ 2,99",2020-05-21 18:31:00+00,2020-06-27 10:16:50+00
1145,61,GASOLINA COMUM,"R$ 4,23",2020-06-30 15:12:07+00,2020-07-07 00:11:58+00
754,49,DIESEL COMUM BICO,"R$ 2,77",2020-05-31 15:31:49+00,2020-06-20 12:31:56+00
973,296,GASOLINA COMUM,"R$ 4,18",2020-06-04 02:04:29+00,2020-07-12 05:04:25+00
901,266,ETANOL,"R$ 3,20",2020-06-03 18:13:18+00,2020-07-12 03:13:16+00
902,268,ETANOL,"R$ 3,22",2020-06-03 15:13:18+00,2020-07-12 03:13:16+00
187,53,DIESEL S,"R$ 3,21",2020-05-13 00:07:14+00,2020-07-13 00:31:50+00
893,271,ETANOL,"R$ 3,26",2020-06-02 18:13:18+00,2020-07-12 05:16:16+00
891,278,ETANOL,"R$ 3,26",2020-06-03 15:13:18+00,2020-07-12 03:13:16+00
453,147,OLEO DIESEL BS,"R$ 3,04",2020-05-21 18:31:01+00,2020-06-27 10:16:50+00
394,9,ETANOL,"R$ 4,49",2020-05-20 08:31:04+00,2020-07-12 03:13:16+00
892,270,ETANOL,"R$ 3,26",2020-06-03 21:13:18+00,2020-07-07 03:13:16+00
937,286,DIESEL COMUM BICO,"R$ 3,12",2020-06-03 18:31:18+00,2020-07-12 03:31:16+00
306,70,GASOLINA ADITIVADA,"R$ 4,20",2020-05-13 15:17:23+00,2020-07-13 00:11:52+00
427,126,DIESEL S,"R$ 3,09",2020-05-21 18:31:00+00,2020-06-27 10:16:51+00
75,7,ETANOL,"R$ 3,18",2020-05-13 12:06:29+00,2020-07-13 00:21:48+00
415,114,DIESEL BS,"R$ 3,09",2020-05-21 18:31:00+00,2020-06-27 10:16:51+00
74,4,ETANOL,"R$ 3,18",2020-05-13 12:06:29+00,2020-07-13 00:21:48+00
452,146,DIESEL B S,"R$ 3,09",2020-05-21 18:31:01+00,2020-06-27 10:16:51+00
71,6,ETANOL,"R$ 3,18",2020-05-12 03:06:29+00,2020-07-13 00:21:49+00
1132,89,DIESEL S,"R$ 2,99",2020-06-18 21:31:50+00,2020-07-01 00:31:54+00
486,175,DIESEL S,"R$ 3,09",2020-05-21 18:31:02+00,2020-06-27 10:16:51+00
167,2,DIESEL S10 BICO,"R$ 3,22",2020-05-13 12:07:14+00,2020-07-13 00:31:50+00
938,287,DIESEL BS,"R$ 3,14",2020-06-02 18:31:18+00,2020-07-12 03:31:16+00
428,127,DIESEL BS,"R$ 3,09",2020-05-21 18:31:00+00,2020-06-27 10:16:51+00
106,39,ETANOL,"R$ 3,20",2020-05-13 12:06:30+00,2020-07-13 00:21:49+00
83,19,ETANOL,"R$ 3,20",2020-05-13 12:06:29+00,2020-07-13 00:21:49+00
130,75,ETANOL,"R$ 3,23",2020-05-12 15:06:30+00,2020-07-13 00:21:49+00
99,47,ETANOL,"R$ 3,23",2020-05-13 12:06:30+00,2020-07-13 00:21:49+00
945,291,OLEO DIESEL S,"R$ 3,17",2020-06-02 18:31:18+00,2020-07-12 03:31:16+00
132,55,ETANOL,"R$ 3,23",2020-05-13 12:06:30+00,2020-07-13 00:21:49+00
101,48,ETANOL,"R$ 3,23",2020-05-13 12:06:30+00,2020-07-13 00:21:49+00
940,289,DIESEL COMUM,"R$ 3,19",2020-06-03 21:31:18+00,2020-07-12 03:31:16+00
146,84,ETANOL,"R$ 3,26",2020-05-13 12:06:30+00,2020-07-13 00:21:50+00
468,160,DIESEL S10 ADITIVADO,"R$ 3,15",2020-05-21 18:31:01+00,2020-06-27 10:16:51+00
445,142,OLEO DIESEL B S,"R$ 3,19",2020-05-21 18:31:01+00,2020-06-27 10:16:51+00
1016,66,DIESEL BS,"R$ 3,19",2020-06-07 00:31:55+00,2020-07-07 00:31:53+00
936,285,OLEO DIESEL B S500 COMUM,"R$ 3,19",2020-06-03 18:31:18+00,2020-07-12 03:31:16+00
941,286,DIESEL S10 BICO,"R$ 3,22",2020-06-03 18:31:18+00,2020-07-12 03:31:16+00
935,284,OLEO DIESEL S,"R$ 3,22",2020-06-04 09:31:18+00,2020-07-12 03:31:16+00
155,91,ETANOL,"R$ 3,30",2020-05-13 12:06:30+00,2020-07-13 00:21:50+00
1082,316,OLEO DIESEL B S,"R$ 3,22",2020-06-09 09:31:27+00,2020-07-12 03:31:16+00
458,152,DIESEL S,"R$ 3,19",2020-05-21 15:31:01+00,2020-06-27 10:16:51+00
790,247,OLEO DIESEL S,"R$ 2,92",2020-06-02 01:25:41+00,2020-06-15 10:16:49+00
939,288,DIESEL BS,"R$ 3,26",2020-06-02 09:31:18+00,2020-07-12 03:31:16+00
943,289,OLEO DIESEL B S,"R$ 3,27",2020-06-03 21:31:18+00,2020-07-12 03:31:16+00
461,134,OLEO DIESEL S10 BICO,"R$ 3,19",2020-05-21 18:31:01+00,2020-06-27 10:16:51+00
1137,236,DIESEL COMUM BICO,"R$ 3,09",2020-06-18 15:31:50+00,2020-07-13 00:31:49+00
944,290,DIESEL B S,"R$ 3,35",2020-06-02 12:31:18+00,2020-07-12 03:31:16+00
972,291,GASOLINA ADITIVADA,"R$ 4,12",2020-06-05 03:51:24+00,2020-06-05 03:51:24+00
456,150,DIESEL S,"R$ 3,19",2020-05-21 15:31:01+00,2020-06-27 10:16:51+00
457,151,DIESEL S,"R$ 3,19",2020-05-21 18:31:01+00,2020-06-27 10:16:51+00
1084,316,GASOLINA COMUM,"R$ 4,19",2020-06-10 18:51:41+00,2020-07-12 03:51:24+00
185,77,OLEO DIESEL B S500 BICO,"R$ 3,17",2020-05-13 09:07:14+00,2020-07-13 00:31:49+00
235,56,OLEO DIESEL B S500 COMUM BICO,"R$ 3,19",2020-05-13 09:07:15+00,2020-07-13 00:31:50+00
160,5,DIESEL BS,"R$ 3,22",2020-05-11 00:07:14+00,2020-07-13 00:31:50+00
169,8,OLEO DIESEL BS,"R$ 3,22",2020-05-13 09:07:14+00,2020-07-13 00:31:50+00
471,163,DIESEL S,"R$ 2,99",2020-05-21 21:31:01+00,2020-06-15 10:16:49+00
207,45,DIESEL S,"R$ 3,16",2020-05-14 21:07:14+00,2020-06-29 12:32:06+00
178,33,OLEO DIESEL BS,"R$ 3,22",2020-05-13 15:07:14+00,2020-07-13 00:31:50+00
443,140,OLEO DIESEL B S500 COMUM BICO,"R$ 3,19",2020-05-21 18:31:01+00,2020-06-27 10:16:51+00
1007,247,OLEO DIESEL S10 BICO,"R$ 3,19",2020-06-05 21:56:49+00,2020-06-27 10:16:51+00
610,201,DIESEL BS,"R$ 3,24",2020-05-26 09:31:48+00,2020-07-13 00:31:50+00
462,155,OLEO DIESEL S10 BICO,"R$ 3,19",2020-05-21 18:31:01+00,2020-06-27 10:16:51+00
162,7,DIESEL METROPOLITANO,"R$ 2,82",2020-05-15 18:07:14+00,2020-06-01 00:31:50+00
463,138,OLEO DIESEL S10 BICO,"R$ 3,19",2020-05-21 18:31:01+00,2020-06-27 10:16:51+00
432,131,DIESEL B S10 COMUM,"R$ 3,20",2020-05-21 18:31:00+00,2020-06-27 10:16:51+00
174,10,OLEO DIESEL BS,"R$ 3,24",2020-05-14 06:07:14+00,2020-07-13 00:31:50+00
237,70,DIESEL S500 COMUM BICO,"R$ 3,26",2020-05-13 09:07:15+00,2020-07-13 00:31:50+00
368,42,DIESEL S,"R$ 3,27",2020-05-19 07:31:26+00,2020-07-13 00:31:50+00
602,43,OLEO DIESEL B S10 COMUM (B:6),"R$ 3,25",2020-05-25 04:36:52+00,2020-07-07 00:31:54+00
894,281,ETANOL,"R$ 3,26",2020-06-03 18:13:18+00,2020-07-12 03:13:16+00
974,297,GASOLINA COMUM,"R$ 4,20",2020-06-04 02:04:29+00,2020-07-12 05:04:25+00
264,53,GASOLINA COMUM,"R$ 4,24",2020-05-13 03:17:22+00,2020-07-12 05:04:25+00
1011,281,DIESEL S 5 0 0 BICO,"R$ 3,19",2020-06-06 12:05:36+00,2020-07-08 03:05:36+00
3,3,GASOLINA ADITIVADA,"R$ 4,18",2020-05-12 06:06:15+00,2020-07-13 00:11:52+00
778,244,ETANOL,"R$ 2,99",2020-06-02 01:22:57+00,2020-06-11 00:46:48+00
263,6,GASOLINA COMUM,"R$ 4,18",2020-05-12 12:17:22+00,2020-07-13 00:11:52+00
905,276,ETANOL,"R$ 3,26",2020-06-03 15:13:18+00,2020-07-12 03:13:16+00
475,167,DIESEL S 1 0 BICO,"R$ 2,68",2020-05-21 18:31:01+00,2020-06-27 10:16:50+00
488,177,DIESEL S,"R$ 3,09",2020-05-21 18:31:02+00,2020-06-27 10:16:51+00
792,226,OLEO DIESEL S10 BICO,"R$ 3,25",2020-06-01 22:25:41+00,2020-06-27 10:16:51+00
304,69,GASOLINA ADITIVADA,"R$ 4,20",2020-05-13 12:17:23+00,2020-07-13 00:11:52+00
954,293,ETANOL,"R$ 3,08",2020-06-03 18:41:19+00,2020-07-12 03:41:14+00
953,292,ETANOL,"R$ 3,08",2020-06-03 18:41:19+00,2020-07-12 03:41:14+00
958,284,ETANOL,"R$ 3,16",2020-06-04 00:41:19+00,2020-07-12 03:41:14+00
473,165,DIESEL S 1 0 BICO,"R$ 3,26",2020-05-21 18:31:01+00,2020-06-27 10:16:51+00
320,34,GNV,"R$ 2,79",2020-05-15 23:18:45+00,2020-06-27 12:02:08+00
619,137,ETANOL,"R$ 3,16",2020-05-28 13:20:50+00,2020-06-19 10:46:47+00
680,173,ETANOL,"R$ 3,19",2020-05-28 13:20:51+00,2020-06-19 10:46:47+00
641,143,ETANOL,"R$ 3,26",2020-05-28 13:20:51+00,2020-06-19 10:46:47+00
648,205,ETANOL,"R$ 3,26",2020-05-28 13:20:51+00,2020-06-19 10:46:47+00
640,119,ETANOL,"R$ 3,26",2020-05-28 13:20:51+00,2020-06-19 10:46:47+00
670,114,ETANOL,"R$ 3,26",2020-05-28 13:20:51+00,2020-06-19 10:46:47+00
685,214,ETANOL,"R$ 2,99",2020-05-28 16:20:51+00,2020-06-09 00:46:57+00
265,16,GASOLINA COMUM,"R$ 4,20",2020-05-13 12:17:23+00,2020-07-13 00:11:52+00
689,215,ETANOL,"R$ 2,99",2020-05-28 16:20:51+00,2020-06-10 00:46:46+00
322,27,GNV,"R$ 2,89",2020-05-15 23:18:45+00,2020-06-27 12:02:08+00
321,95,GNV,"R$ 2,89",2020-05-15 23:18:45+00,2020-06-27 12:02:08+00
201,16,DIESEL S,"R$ 2,88",2020-05-15 18:07:14+00,2020-06-01 12:31:54+00
955,290,ETANOL,"R$ 3,30",2020-06-03 18:41:19+00,2020-07-12 03:41:15+00
956,295,ETANOL,"R$ 3,30",2020-06-04 09:41:19+00,2020-07-12 03:41:15+00
283,29,GASOLINA COMUM,"R$ 4,20",2020-05-13 12:17:23+00,2020-07-13 00:11:52+00
957,291,ETANOL,"R$ 3,30",2020-06-04 15:41:19+00,2020-07-07 03:41:17+00
625,187,ETANOL,"R$ 3,26",2020-05-28 13:20:50+00,2020-06-19 10:46:47+00
646,180,ETANOL,"R$ 3,26",2020-05-28 13:20:51+00,2020-06-19 10:46:47+00
295,36,GASOLINA COMUM,"R$ 4,20",2020-05-13 12:17:23+00,2020-07-13 00:11:52+00
959,285,GASOLINA COMUM,"R$ 3,40",2020-06-03 18:51:23+00,2020-07-12 03:51:24+00
644,106,ETANOL,"R$ 3,26",2020-05-28 13:20:51+00,2020-06-19 10:46:47+00
267,26,GASOLINA COMUM,"R$ 4,20",2020-05-13 12:17:23+00,2020-07-13 00:11:52+00
961,293,GASOLINA COMUM,"R$ 4,20",2020-06-03 18:51:23+00,2020-07-12 03:51:24+00
379,58,GASOLINA COMUM,"R$ 4,20",2020-05-19 18:00:32+00,2020-07-13 00:11:53+00
639,104,ETANOL,"R$ 3,26",2020-05-28 13:20:51+00,2020-06-19 10:46:47+00
655,120,ETANOL,"R$ 3,26",2020-05-28 13:20:51+00,2020-06-19 10:46:47+00
960,292,GASOLINA COMUM,"R$ 4,20",2020-06-03 18:51:23+00,2020-07-12 03:51:24+00
620,193,ETANOL,"R$ 3,26",2020-05-28 13:20:50+00,2020-06-19 10:46:47+00
672,207,ETANOL,"R$ 3,26",2020-05-28 13:20:51+00,2020-06-19 10:46:48+00
661,100,ETANOL,"R$ 3,26",2020-05-28 13:20:51+00,2020-06-19 10:46:48+00
964,287,GASOLINA COMUM,"R$ 4,20",2020-06-03 18:51:23+00,2020-07-12 03:51:24+00
967,287,GASOLINA ADITIVADA,"R$ 4,22",2020-06-04 06:51:24+00,2020-07-12 03:51:24+00
665,135,ETANOL,"R$ 3,26",2020-05-28 13:20:51+00,2020-06-19 10:46:48+00
643,112,ETANOL,"R$ 3,26",2020-05-28 13:20:51+00,2020-06-19 10:46:48+00
651,185,ETANOL,"R$ 3,26",2020-05-28 13:20:51+00,2020-06-19 10:46:48+00
671,138,ETANOL,"R$ 3,26",2020-05-28 13:20:51+00,2020-06-19 10:46:48+00
780,246,ETANOL,"R$ 3,29",2020-06-01 22:22:57+00,2020-06-19 10:46:48+00
678,210,ETANOL,"R$ 3,29",2020-05-28 13:20:51+00,2020-06-19 10:46:48+00
766,163,ETANOL,"R$ 3,29",2020-06-01 22:22:56+00,2020-06-19 10:46:48+00
970,291,GASOLINA COMUM,"R$ 4,25",2020-06-03 21:51:24+00,2020-07-12 03:51:24+00
268,28,GASOLINA COMUM,"R$ 4,20",2020-05-13 12:17:23+00,2020-07-13 00:11:53+00
19,19,GASOLINA ADITIVADA,"R$ 4,20",2020-05-13 15:06:15+00,2020-07-13 00:11:53+00
255,9,GASOLINA COMUM,"R$ 4,20",2020-05-12 06:17:22+00,2020-07-13 00:11:53+00
259,33,GASOLINA COMUM,"R$ 4,20",2020-05-12 06:17:22+00,2020-07-13 00:11:53+00
393,60,GASOLINA COMUM,"R$ 4,23",2020-05-20 18:00:32+00,2020-07-13 00:11:53+00
346,96,GASOLINA ADITIVADA,"R$ 4,09",2020-05-21 03:38:32+00,2020-07-01 00:12:03+00
293,47,GASOLINA COMUM,"R$ 4,23",2020-05-13 15:17:23+00,2020-07-13 00:11:53+00
76,2,ETANOL,"R$ 3,20",2020-05-11 06:06:29+00,2020-07-13 00:21:49+00
110,31,ETANOL,"R$ 3,20",2020-05-13 12:06:30+00,2020-07-13 00:21:49+00
109,43,ETANOL,"R$ 3,20",2020-05-13 12:06:30+00,2020-07-13 00:21:49+00
702,222,ETANOL,"R$ 2,99",2020-05-28 16:20:52+00,2020-06-09 00:46:57+00
98,41,ETANOL,"R$ 3,23",2020-05-13 12:06:30+00,2020-07-13 00:21:49+00
102,49,ETANOL,"R$ 3,23",2020-05-13 12:06:30+00,2020-07-13 00:21:49+00
100,37,ETANOL,"R$ 3,23",2020-05-13 12:06:30+00,2020-07-13 00:21:49+00
1142,96,OLEO DIESEL B S 10 BICO,"R$ 3,16",2020-06-30 00:31:59+00,2020-06-30 00:31:59+00
971,294,GASOLINA COMUM,"R$ 4,30",2020-06-04 15:51:24+00,2020-07-07 03:51:28+00
793,248,DIESEL S10 ADITIVADO BICO,"R$ 3,15",2020-06-02 01:25:41+00,2020-06-12 10:16:50+00
1012,281,DIESEL S 1,"R$ 2,90",2020-06-07 03:05:37+00,2020-06-08 03:05:30+00
795,212,DIESEL B S,"R$ 3,18",2020-06-02 01:25:41+00,2020-06-12 10:16:50+00
815,215,DIESEL S10 ADITIVADO,"R$ 3,19",2020-06-04 00:56:49+00,2020-06-12 10:16:50+00
140,79,ETANOL,"R$ 3,24",2020-05-13 12:06:30+00,2020-07-13 00:21:50+00
133,59,ETANOL,"R$ 3,29",2020-05-13 12:06:30+00,2020-07-13 00:21:50+00
156,92,ETANOL,"R$ 3,30",2020-05-13 15:06:30+00,2020-07-13 00:21:50+00
327,2,DIESEL S 5 0,"R$ 3,18",2020-05-17 08:25:20+00,2020-07-13 00:31:50+00
577,105,GASOLINA COMUM,"R$ 4,26",2020-05-21 18:31:04+00,2020-06-19 10:36:55+00
726,132,GASOLINA COMUM,"R$ 4,26",2020-05-28 20:27:30+00,2020-06-15 10:36:54+00
184,71,DIESEL S500 COMUM BICO,"R$ 3,16",2020-05-13 09:07:14+00,2020-07-13 00:31:49+00
395,9,ETANOL,"R$ 3,26",2020-05-21 08:31:04+00,2020-06-29 12:22:06+00
859,129,GASOLINA COMUM,"R$ 4,26",2020-06-04 21:41:58+00,2020-06-19 10:36:55+00
623,184,ETANOL,"R$ 3,16",2020-05-28 13:20:50+00,2020-06-19 10:46:47+00
632,121,ETANOL,"R$ 3,26",2020-05-28 13:20:50+00,2020-06-19 10:46:47+00
191,26,DIESEL S,"R$ 2,88",2020-05-15 18:07:14+00,2020-06-01 00:31:50+00
629,115,ETANOL,"R$ 3,26",2020-05-28 13:20:50+00,2020-06-19 10:46:47+00
627,190,ETANOL,"R$ 3,26",2020-05-28 13:20:50+00,2020-06-19 10:46:47+00
635,146,ETANOL,"R$ 3,26",2020-05-28 13:20:51+00,2020-06-19 10:46:47+00
310,51,GASOLINA COMUM,"R$ 4,16",2020-05-13 12:17:23+00,2020-07-13 00:11:52+00
708,223,ETANOL,"R$ 2,99",2020-05-28 16:20:52+00,2020-06-10 00:46:46+00
172,30,DIESEL METROPOLITANO,"R$ 2,84",2020-05-15 18:07:14+00,2020-06-01 12:31:53+00
668,126,ETANOL,"R$ 3,26",2020-05-28 13:20:51+00,2020-06-19 10:46:47+00
995,304,DIESEL COMUM,"R$ 3,15",2020-06-04 20:26:31+00,2020-07-08 05:26:39+00
168,7,DIESEL S,"R$ 2,86",2020-05-15 18:07:14+00,2020-06-01 12:31:53+00
996,305,DIESEL S,"R$ 3,15",2020-06-04 11:26:31+00,2020-07-08 05:26:39+00
867,271,DIESEL S 5 0 0 BICO,"R$ 3,19",2020-06-04 03:05:33+00,2020-07-08 05:26:39+00
7,7,GASOLINA ADITIVADA,"R$ 4,18",2020-05-13 12:06:15+00,2020-07-13 00:11:52+00
254,3,GASOLINA COMUM,"R$ 4,18",2020-05-12 06:17:22+00,2020-07-13 00:11:52+00
669,132,ETANOL,"R$ 3,26",2020-05-28 13:20:51+00,2020-06-19 10:46:48+00
196,30,DIESEL S,"R$ 2,88",2020-05-15 18:07:14+00,2020-06-01 12:31:54+00
628,189,ETANOL,"R$ 3,26",2020-05-28 13:20:50+00,2020-06-19 10:46:48+00
687,161,ETANOL,"R$ 3,29",2020-05-28 13:20:51+00,2020-06-19 10:46:48+00
614,203,ETANOL,"R$ 3,29",2020-05-28 13:20:50+00,2020-06-19 10:46:48+00
701,221,ETANOL,"R$ 3,19",2020-05-28 16:20:52+00,2020-06-11 00:46:48+00
350,89,GASOLINA ADITIVADA,"R$ 4,19",2020-05-19 09:38:32+00,2020-07-13 00:11:52+00
997,301,DIESEL B S10 A VISTA,"R$ 3,09",2020-06-05 02:26:31+00,2020-06-27 05:26:31+00
686,164,ETANOL,"R$ 2,99",2020-05-28 16:20:51+00,2020-06-09 00:46:57+00
1013,307,ETANOL,"R$ 2,99",2020-06-08 00:46:47+00,2020-06-10 00:46:46+00
1003,298,DIESEL COMUM,"R$ 3,21",2020-06-04 20:26:31+00,2020-07-08 05:26:39+00
994,299,DIESEL COMUM,"R$ 3,21",2020-06-04 20:26:31+00,2020-07-08 05:26:39+00
303,69,GASOLINA COMUM,"R$ 4,20",2020-05-13 12:17:23+00,2020-07-13 00:11:52+00
307,68,GASOLINA COMUM,"R$ 4,20",2020-05-13 12:17:23+00,2020-07-13 00:11:52+00
1000,297,DIESEL B S,"R$ 3,25",2020-06-04 11:26:31+00,2020-07-08 05:26:39+00
309,50,GASOLINA COMUM,"R$ 4,21",2020-05-13 21:17:23+00,2020-07-13 00:11:53+00
1004,302,OLEO DIESEL B S10 BICO,"R$ 3,08",2020-06-04 23:26:31+00,2020-06-29 05:26:32+00
103,44,ETANOL,"R$ 3,20",2020-05-13 12:06:30+00,2020-07-13 00:21:49+00
999,296,DIESEL S,"R$ 3,25",2020-06-04 20:26:31+00,2020-07-08 05:26:39+00
789,210,OLEO DIESEL S10 BICO,"R$ 3,19",2020-06-01 22:25:40+00,2020-06-27 10:16:51+00
466,158,DIESEL S,"R$ 3,23",2020-05-21 18:31:01+00,2020-06-27 10:16:51+00
326,50,GNV,"R$ 2,80",2020-05-15 23:18:45+00,2020-06-27 12:02:08+00
137,60,ETANOL,"R$ 3,23",2020-05-13 12:06:30+00,2020-07-13 00:21:49+00
325,57,GNV,"R$ 2,89",2020-05-15 23:18:45+00,2020-06-27 12:02:08+00
141,80,ETANOL,"R$ 3,24",2020-05-13 15:06:30+00,2020-07-13 00:21:50+00
324,66,GNV,"R$ 2,89",2020-05-15 23:18:45+00,2020-06-27 12:02:08+00
998,304,DIESEL S,"R$ 3,31",2020-06-04 20:26:31+00,2020-07-08 05:26:39+00
725,205,GASOLINA ADITIVADA,"R$ 4,26",2020-05-28 17:27:30+00,2020-06-19 10:36:54+00
728,199,GASOLINA COMUM,"R$ 4,26",2020-05-28 17:27:31+00,2020-06-19 10:36:54+00
727,146,GASOLINA ADITIVADA,"R$ 4,26",2020-05-28 17:27:30+00,2020-06-19 10:36:54+00
597,75,DIESEL S 10 BICO,"R$ 3,39",2020-05-22 18:03:51+00,2020-07-08 05:26:39+00
336,52,DIESEL S,"R$ 3,12",2020-05-15 23:25:20+00,2020-07-12 00:31:48+00
142,81,ETANOL,"R$ 3,27",2020-05-13 12:06:30+00,2020-07-13 00:21:50+00
361,85,OLEO DIESEL,"R$ 3,06",2020-05-19 07:31:05+00,2020-07-13 00:31:49+00
518,117,GASOLINA COMUM,"R$ 4,26",2020-05-21 18:31:02+00,2020-06-19 10:36:54+00
558,194,GASOLINA COMUM,"R$ 4,26",2020-05-21 18:31:03+00,2020-06-19 10:36:54+00
173,31,OLEO DIESEL S500 COMUM,"R$ 3,14",2020-05-13 09:07:14+00,2020-07-13 00:31:49+00
564,195,GASOLINA COMUM,"R$ 4,26",2020-05-21 18:31:03+00,2020-06-19 10:36:54+00
209,68,DIESEL S500 COMUM BICO,"R$ 3,16",2020-05-13 09:07:14+00,2020-07-13 00:31:49+00
1014,178,SHELL EVOLUX DIESEL S10 ADITIVADO BICO,"R$ 2,80",2020-06-08 00:56:47+00,2020-06-15 10:16:49+00
755,236,DIESEL S 10 BICO,"R$ 2,83",2020-06-01 12:31:52+00,2020-06-06 00:31:48+00
245,92,OLEO DIESEL B S500 BICO,"R$ 3,17",2020-05-13 09:07:15+00,2020-07-13 00:31:49+00
363,42,DIESEL COMUM,"R$ 3,17",2020-05-19 07:31:12+00,2020-07-13 00:31:50+00
768,238,ETANOL,"R$ 2,99",2020-06-02 01:22:56+00,2020-06-15 10:46:46+00
698,156,ETANOL,"R$ 2,99",2020-05-28 16:20:52+00,2020-06-09 00:46:57+00
211,82,OLEO DIESEL B S500 BICO,"R$ 3,17",2020-05-14 00:07:14+00,2020-07-13 00:31:50+00
214,64,OLEO DIESEL B S500 COMUM BICO,"R$ 3,19",2020-05-13 09:07:14+00,2020-07-13 00:31:50+00
333,1,DIESEL S 5 0,"R$ 3,24",2020-05-17 08:25:20+00,2020-07-13 00:31:50+00
794,227,DIESEL EVOLUX S,"R$ 3,16",2020-06-02 01:25:41+00,2020-06-09 00:56:56+00
369,84,DIESEL S,"R$ 3,24",2020-05-19 07:31:26+00,2020-07-13 00:31:50+00
180,19,DIESEL S,"R$ 3,25",2020-05-13 15:07:14+00,2020-07-13 00:31:50+00
226,45,DIESEL COMUM,"R$ 3,26",2020-05-14 03:07:15+00,2020-07-13 00:31:50+00
367,80,OLEO DIESEL B S10 BICO,"R$ 3,20",2020-05-20 07:31:26+00,2020-07-05 00:32:05+00
220,91,OLEO DIESEL B S10 COMUM BICO,"R$ 3,24",2020-05-15 12:07:14+00,2020-07-05 00:32:05+00
248,74,DIESEL S 10 BICO,"R$ 3,26",2020-05-13 09:07:15+00,2020-07-13 00:31:50+00
924,268,GASOLINA ADITIVADA,"R$ 4,22",2020-06-03 21:21:38+00,2020-07-12 03:21:34+00
921,281,GASOLINA COMUM,"R$ 4,26",2020-06-03 21:21:38+00,2020-07-12 03:21:34+00
925,275,GASOLINA ADITIVADA,"R$ 4,29",2020-06-03 21:21:38+00,2020-07-12 03:21:34+00
947,293,DIESEL COMUM S500 BICO,"R$ 3,03",2020-06-03 18:31:18+00,2020-07-12 03:31:16+00
215,74,DIESEL COMUM BICO,"R$ 3,16",2020-05-13 00:07:14+00,2020-07-13 00:31:49+00
946,292,OLEO DIESEL S,"R$ 3,28",2020-06-03 15:31:18+00,2020-07-12 03:31:16+00
388,81,GASOLINA COMUM,"R$ 4,26",2020-05-20 09:00:32+00,2020-06-30 00:12:00+00
950,285,ETANOL,"R$ 2,55",2020-06-03 18:41:19+00,2020-07-12 03:41:14+00
1089,253,DIESEL S10 BICO," R$ 3,09",2020-06-12 07:16:50+00,2020-06-27 10:16:51+00
952,287,ETANOL,"R$ 3,20",2020-06-03 18:41:19+00,2020-07-12 03:41:15+00
378,83,OLEO DIESEL B S500 BICO,"R$ 3,19",2020-05-19 21:00:31+00,2020-07-13 00:31:50+00
188,91,OLEO DIESEL B S500 COMUM BICO,"R$ 3,20",2020-05-14 03:07:14+00,2020-07-13 00:31:50+00
233,54,DIESEL S,"R$ 3,20",2020-05-14 12:07:15+00,2020-07-13 00:31:50+00
238,36,DIESEL COMUM S500 BICO,"R$ 3,20",2020-05-13 12:07:15+00,2020-07-13 00:31:50+00
175,3,OLEO DIESEL,"R$ 3,21",2020-05-12 21:07:14+00,2020-07-13 00:31:50+00
756,7,DIESEL BS,"R$ 3,22",2020-05-27 18:31:52+00,2020-07-13 00:31:50+00
181,1,DIESEL S 5 0 0 BICO,"R$ 3,23",2020-05-11 21:07:14+00,2020-07-13 00:31:50+00
983,305,GASOLINA ADITIVADA,"R$ 4,26",2020-06-04 02:04:30+00,2020-07-12 05:04:25+00
758,30,DIESEL BS,"R$ 3,24",2020-05-28 09:31:59+00,2020-07-13 00:31:50+00
1088,301,DIESEL S 500 A VISTA,"R$ 2,99",2020-06-12 02:26:34+00,2020-06-29 05:26:32+00
298,45,GASOLINA COMUM,"R$ 4,20",2020-05-13 12:17:23+00,2020-07-13 00:11:52+00
302,70,GASOLINA COMUM,"R$ 4,20",2020-05-13 15:17:23+00,2020-07-13 00:11:52+00
308,68,GASOLINA ADITIVADA,"R$ 4,20",2020-05-13 12:17:23+00,2020-07-13 00:11:52+00
377,93,OLEO DIESEL S10 BICO,"R$ 2,90",2020-05-21 18:00:31+00,2020-06-12 00:31:52+00
280,18,GASOLINA COMUM,"R$ 4,20",2020-05-14 03:17:23+00,2020-07-12 00:11:56+00
301,42,GASOLINA COMUM,"R$ 4,20",2020-05-13 12:17:23+00,2020-07-13 00:11:52+00
271,27,GASOLINA COMUM,"R$ 4,20",2020-05-13 12:17:23+00,2020-07-13 00:11:52+00
15,15,GASOLINA ADITIVADA,"R$ 4,20",2020-05-13 12:06:15+00,2020-07-13 00:11:52+00
275,30,GASOLINA COMUM,"R$ 4,20",2020-05-13 12:17:23+00,2020-07-13 00:11:52+00
338,20,GASOLINA COMUM,"R$ 4,20",2020-05-16 02:25:21+00,2020-07-13 00:11:52+00
30,30,GASOLINA ADITIVADA,"R$ 4,20",2020-05-13 12:06:15+00,2020-07-13 00:11:52+00
45,45,GASOLINA ADITIVADA,"R$ 4,20",2020-05-13 18:06:15+00,2020-07-13 00:11:52+00
26,26,GASOLINA ADITIVADA,"R$ 4,20",2020-05-13 12:06:15+00,2020-07-13 00:11:52+00
23,23,GASOLINA ADITIVADA,"R$ 4,20",2020-05-13 12:06:15+00,2020-07-13 00:11:52+00
294,44,GASOLINA COMUM,"R$ 4,20",2020-05-13 12:17:23+00,2020-07-13 00:11:52+00
595,86,GASOLINA ADITIVADA,"R$ 4,20",2020-05-20 18:04:10+00,2020-07-13 00:11:52+00
318,72,GASOLINA COMUM,"R$ 4,20",2020-05-13 18:17:23+00,2020-07-13 00:11:53+00
358,73,GASOLINA COMUM,"R$ 4,20",2020-05-19 12:38:33+00,2020-07-13 00:11:53+00
357,72,GASOLINA ADITIVADA,"R$ 4,20",2020-05-19 15:38:33+00,2020-07-13 00:11:53+00
285,38,GASOLINA COMUM,"R$ 4,20",2020-05-13 12:17:23+00,2020-07-13 00:11:53+00
96,32,ETANOL,"R$ 3,23",2020-05-14 03:06:30+00,2020-07-13 00:21:49+00
161,8,OLEO DIESEL B S,"R$ 3,12",2020-05-13 09:07:14+00,2020-07-13 00:31:49+00
242,9,OLEO DIESEL B S,"R$ 3,13",2020-05-13 00:07:15+00,2020-07-13 00:31:49+00
165,10,OLEO DIESEL B S,"R$ 3,14",2020-05-13 09:07:14+00,2020-07-13 00:31:49+00
183,12,OLEO DIESEL B S,"R$ 3,15",2020-05-13 09:07:14+00,2020-07-13 00:31:49+00
164,21,OLEO DIESEL B S,"R$ 3,24",2020-05-11 18:07:14+00,2020-07-13 00:31:50+00
163,4,OLEO DIESEL B S,"R$ 3,24",2020-05-11 12:07:14+00,2020-07-13 00:31:50+00
757,26,DIESEL BS,"R$ 3,24",2020-05-30 06:31:54+00,2020-07-13 00:31:50+00
197,29,DIESEL BS,"R$ 3,24",2020-05-13 09:07:14+00,2020-07-13 00:31:50+00
199,23,DIESEL BS,"R$ 3,24",2020-05-13 12:07:14+00,2020-07-13 00:31:50+00
203,17,DIESEL BS,"R$ 3,24",2020-05-13 15:07:14+00,2020-07-13 00:31:50+00
192,43,OLEO DIESEL B S10 COMUM (B:5),"R$ 3,25",2020-05-14 09:07:14+00,2020-07-13 00:31:50+00
217,92,OLEO DIESEL B S10 BICO,"R$ 3,27",2020-05-14 15:07:14+00,2020-07-13 00:31:50+00
241,6,DIESEL S 1 0 BICO,"R$ 3,27",2020-05-13 18:07:15+00,2020-07-13 00:31:50+00
287,31,GASOLINA COMUM,"R$ 4,20",2020-05-13 12:17:23+00,2020-07-13 00:11:53+00
601,74,GASOLINA COMUM,"R$ 4,23",2020-05-23 21:11:56+00,2020-07-13 00:11:53+00
126,53,ETANOL,"R$ 3,16",2020-05-12 09:06:30+00,2020-07-13 00:21:48+00
111,8,ETANOL,"R$ 3,18",2020-05-13 12:06:30+00,2020-07-13 00:21:48+00
90,23,ETANOL,"R$ 3,20",2020-05-13 12:06:29+00,2020-07-13 00:21:49+00
975,298,GASOLINA COMUM,"R$ 4,20",2020-06-04 02:04:29+00,2020-07-12 05:04:25+00
118,71,ETANOL,"R$ 3,20",2020-05-13 12:06:30+00,2020-07-13 00:21:49+00
1086,304,GASOLINA COMUM,"R$ 4,20",2020-06-11 08:04:30+00,2020-07-12 05:04:25+00
78,29,ETANOL,"R$ 3,20",2020-05-13 12:06:29+00,2020-07-13 00:21:49+00
113,68,ETANOL,"R$ 3,20",2020-05-13 12:06:30+00,2020-07-13 00:21:49+00
976,299,GASOLINA COMUM,"R$ 4,20",2020-06-04 02:04:29+00,2020-07-12 05:04:25+00
115,69,ETANOL,"R$ 3,20",2020-05-13 12:06:30+00,2020-07-13 00:21:49+00
107,36,ETANOL,"R$ 3,20",2020-05-13 12:06:30+00,2020-07-13 00:21:49+00
980,302,GASOLINA ADITIVADA,"R$ 4,20",2020-06-04 02:04:29+00,2020-07-12 05:04:25+00
981,303,GASOLINA COMUM,"R$ 4,20",2020-06-04 02:04:30+00,2020-07-12 05:04:25+00
53,53,GASOLINA ADITIVADA,"R$ 4,24",2020-05-13 03:06:15+00,2020-07-12 05:04:25+00
88,18,ETANOL,"R$ 3,20",2020-05-13 12:06:29+00,2020-07-13 00:21:49+00
351,75,GASOLINA ADITIVADA,"R$ 4,53",2020-05-20 06:38:32+00,2020-07-12 05:04:25+00
858,74,GASOLINA ADITIVADA,"R$ 4,53",2020-06-03 21:11:55+00,2020-07-12 05:04:25+00
932,271,GASOLINA ADITIVADA,"R$ 4,56",2020-06-03 00:21:38+00,2020-07-12 05:04:26+00
984,296,ETANOL,"R$ 3,18",2020-06-04 02:16:19+00,2020-07-12 05:16:16+00
986,297,ETANOL,"R$ 3,20",2020-06-04 02:16:19+00,2020-07-12 05:16:16+00
108,45,ETANOL,"R$ 3,20",2020-05-13 12:06:30+00,2020-07-13 00:21:49+00
988,298,ETANOL,"R$ 3,20",2020-06-04 02:16:19+00,2020-07-12 05:16:16+00
987,301,ETANOL,"R$ 3,20",2020-06-04 02:16:19+00,2020-07-12 05:16:16+00
86,16,ETANOL,"R$ 3,20",2020-05-13 12:06:29+00,2020-07-13 00:21:49+00
116,70,ETANOL,"R$ 3,20",2020-05-13 12:06:30+00,2020-07-13 00:21:49+00
985,299,ETANOL,"R$ 3,20",2020-06-04 02:16:19+00,2020-07-12 05:16:16+00
989,300,ETANOL,"R$ 3,20",2020-06-04 02:16:19+00,2020-07-12 05:16:16+00
93,27,ETANOL,"R$ 3,20",2020-05-13 12:06:30+00,2020-07-13 00:21:49+00
992,304,ETANOL,"R$ 3,20",2020-06-04 02:16:19+00,2020-07-12 05:16:16+00
991,302,ETANOL,"R$ 3,20",2020-06-04 05:16:19+00,2020-07-12 05:16:16+00
94,26,ETANOL,"R$ 3,20",2020-05-13 12:06:30+00,2020-07-13 00:21:49+00
80,24,ETANOL,"R$ 3,20",2020-05-13 12:06:29+00,2020-07-13 00:21:49+00
990,303,ETANOL,"R$ 3,20",2020-06-04 05:16:19+00,2020-07-12 05:16:16+00
17,17,GASOLINA ADITIVADA,"R$ 4,20",2020-05-13 12:06:15+00,2020-07-13 00:11:52+00
39,39,GASOLINA ADITIVADA,"R$ 4,20",2020-05-13 12:06:15+00,2020-07-13 00:11:52+00
279,17,GASOLINA COMUM,"R$ 4,20",2020-05-13 12:17:23+00,2020-07-13 00:11:52+00
82,22,ETANOL,"R$ 3,20",2020-05-13 12:06:29+00,2020-07-13 00:21:49+00
81,21,ETANOL,"R$ 3,20",2020-05-13 12:06:29+00,2020-07-13 00:21:49+00
119,72,ETANOL,"R$ 3,20",2020-05-13 12:06:30+00,2020-07-13 00:21:49+00
114,28,ETANOL,"R$ 3,20",2020-05-13 12:06:30+00,2020-07-13 00:21:49+00
993,305,ETANOL,"R$ 3,26",2020-06-04 05:16:19+00,2020-07-08 05:16:24+00
36,36,GASOLINA ADITIVADA,"R$ 4,20",2020-05-13 15:06:15+00,2020-07-13 00:11:52+00
24,24,GASOLINA ADITIVADA,"R$ 4,20",2020-05-13 12:06:15+00,2020-07-13 00:11:52+00
270,24,GASOLINA COMUM,"R$ 4,20",2020-05-13 12:17:23+00,2020-07-13 00:11:52+00
42,42,GASOLINA ADITIVADA,"R$ 4,20",2020-05-13 12:06:15+00,2020-07-13 00:11:52+00
355,86,GASOLINA COMUM,"R$ 4,20",2020-05-19 09:38:33+00,2020-07-13 00:11:52+00
44,44,GASOLINA ADITIVADA,"R$ 4,20",2020-05-13 15:06:15+00,2020-07-13 00:11:52+00
286,25,GASOLINA COMUM,"R$ 4,20",2020-05-13 12:17:23+00,2020-07-13 00:11:53+00
317,56,GASOLINA COMUM,"R$ 4,20",2020-05-13 18:17:23+00,2020-07-13 00:11:53+00
56,56,GASOLINA ADITIVADA,"R$ 4,20",2020-05-13 18:06:15+00,2020-07-13 00:11:53+00
22,22,GASOLINA ADITIVADA,"R$ 4,20",2020-05-13 12:06:15+00,2020-07-13 00:11:53+00
124,65,ETANOL,"R$ 3,20",2020-05-13 12:06:30+00,2020-07-13 00:21:49+00
149,86,ETANOL,"R$ 3,20",2020-05-13 12:06:30+00,2020-07-13 00:21:49+00
144,34,ETANOL,"R$ 3,21",2020-05-13 12:06:30+00,2020-07-13 00:21:49+00
120,64,ETANOL,"R$ 3,23",2020-05-13 12:06:30+00,2020-07-13 00:21:49+00
759,16,DIESEL BS,"R$ 3,24",2020-05-31 00:32:00+00,2020-07-13 00:31:50+00
364,28,OLEO DIESEL S10 BICO,"R$ 3,24",2020-05-19 13:31:13+00,2020-07-13 00:31:50+00
223,77,OLEO DIESEL B S10 BICO,"R$ 3,27",2020-05-14 03:07:15+00,2020-07-13 00:31:50+00
1143,83,OLEO DIESEL B S10 BICO,"R$ 3,17",2020-06-30 09:32:24+00,2020-07-01 00:31:55+00
